id,Label,pred_label,prob_1,prob_2,prob_3,prob_4,prob_5
299,1,5,0.1372753232717514,0.11008567363023758,0.14649401605129242,0.27775758504867554,0.32838737964630127
92,5,5,0.2851642966270447,0.12185969948768616,0.11945619434118271,0.1638648360967636,0.30965501070022583
311,1,1,0.8095396161079407,0.04313644766807556,0.05164946988224983,0.049775440245866776,0.04589909315109253
136,5,2,0.24378463625907898,0.2668309509754181,0.1759793907403946,0.13849838078022003,0.1749066412448883
41,1,1,0.30705520510673523,0.28802889585494995,0.15901224315166473,0.12376178056001663,0.12214184552431107
235,3,2,0.18590237200260162,0.2648085653781891,0.18336498737335205,0.18294599652290344,0.1829780638217926
518,2,1,0.22884024679660797,0.18558953702449799,0.1448640674352646,0.2255350947380066,0.21517108380794525
403,4,1,0.4620981812477112,0.22014120221138,0.13054461777210236,0.08557286113500595,0.10164308547973633
569,1,2,0.16439802944660187,0.34187495708465576,0.18164655566215515,0.1684177964925766,0.14366267621517181
342,1,1,0.22979216277599335,0.22844728827476501,0.1745629459619522,0.19147613644599915,0.17572148144245148
510,5,1,0.23347103595733643,0.16672009229660034,0.16059672832489014,0.20943085849285126,0.22978129982948303
451,4,2,0.14945775270462036,0.5547868013381958,0.10522900521755219,0.08987943828105927,0.10064702481031418
29,1,1,0.5200128555297852,0.15429317951202393,0.11158189922571182,0.11369006335735321,0.10042206197977066
134,1,1,0.2847146987915039,0.17845265567302704,0.16328400373458862,0.1994572877883911,0.1740913838148117
321,3,1,0.23487716913223267,0.15796048939228058,0.16770577430725098,0.22964614629745483,0.20981043577194214
171,5,2,0.29262927174568176,0.3555373251438141,0.16673776507377625,0.09963954240083694,0.08545608073472977
357,4,5,0.06330332159996033,0.10859280824661255,0.15812107920646667,0.24809999763965607,0.4218827486038208
13,4,5,0.16104969382286072,0.12736724317073822,0.16435037553310394,0.2683371603488922,0.2788955569267273
417,4,1,0.4485776722431183,0.2549278140068054,0.1251518428325653,0.09722014516592026,0.07412248849868774
404,3,1,0.2604833245277405,0.20171213150024414,0.17762750387191772,0.18830780684947968,0.17186930775642395
481,3,5,0.22299924492835999,0.1582629382610321,0.1700146198272705,0.2093561291694641,0.23936708271503448
74,5,5,0.04873517528176308,0.12006194144487381,0.12964753806591034,0.2661309838294983,0.43542441725730896
361,3,1,0.2995576560497284,0.2326374351978302,0.131118506193161,0.1795153170824051,0.15717102587223053
409,5,5,0.13196136057376862,0.10980100929737091,0.15488286316394806,0.2715246379375458,0.33183011412620544
56,2,2,0.12769779562950134,0.5537818670272827,0.10971058905124664,0.10094363987445831,0.10786610096693039
203,1,1,0.32404837012290955,0.20401541888713837,0.14601780474185944,0.13385847210884094,0.19205987453460693
103,1,5,0.2268262654542923,0.11744117736816406,0.17229440808296204,0.1998235583305359,0.2836145758628845
448,3,2,0.17122623324394226,0.3073498010635376,0.19543787837028503,0.1802404373884201,0.145745649933815
269,2,5,0.22211308777332306,0.14787453413009644,0.17077089846134186,0.20949076116085052,0.24975071847438812
3,1,4,0.07203560322523117,0.19764816761016846,0.18193268775939941,0.284101665019989,0.26428189873695374
424,5,5,0.0758383497595787,0.12713278830051422,0.18246178328990936,0.2574043571949005,0.3571626543998718
263,4,5,0.2619168162345886,0.14017879962921143,0.13801676034927368,0.17105726897716522,0.28883033990859985
320,5,1,0.3060567378997803,0.1443406641483307,0.18305370211601257,0.15393446385860443,0.21261441707611084
172,4,5,0.023374509066343307,0.06037190929055214,0.10572384297847748,0.259703665971756,0.5508260130882263
579,2,2,0.1782747209072113,0.2563776969909668,0.18622130155563354,0.19016475975513458,0.18896155059337616
493,3,5,0.21772924065589905,0.12820544838905334,0.1691552698612213,0.22006535530090332,0.2648446559906006
326,4,1,0.28762340545654297,0.16677197813987732,0.14068534970283508,0.1553434580564499,0.24957582354545593
543,1,2,0.2562169134616852,0.3203314542770386,0.14101609587669373,0.1246137022972107,0.15782180428504944
582,4,5,0.09993185102939606,0.17057478427886963,0.16120277345180511,0.23575356602668762,0.3325370252132416
552,4,2,0.25093966722488403,0.26570332050323486,0.1642172485589981,0.13712984323501587,0.18200990557670593
512,1,1,0.37510135769844055,0.2585209012031555,0.12956015765666962,0.13103055953979492,0.105786994099617
48,5,5,0.22589915990829468,0.10686817020177841,0.17767763137817383,0.19675083458423615,0.29280421137809753
376,2,5,0.22308693826198578,0.1589977890253067,0.16693292558193207,0.19670501351356506,0.2542773187160492
590,1,1,0.418852299451828,0.1750037521123886,0.1143428236246109,0.16257226467132568,0.12922880053520203
523,3,5,0.22980256378650665,0.11448994278907776,0.1760772317647934,0.19760945439338684,0.28202083706855774
426,5,5,0.17412325739860535,0.19414982199668884,0.15317316353321075,0.23354175686836243,0.24501203000545502
212,5,1,0.2318495810031891,0.16808383166790009,0.15516705811023712,0.2239406555891037,0.22095881402492523
317,4,5,0.04770934581756592,0.16312117874622345,0.17726020514965057,0.2623191475868225,0.34959015250205994
390,1,1,0.7006844282150269,0.07899919152259827,0.0858275294303894,0.061123158782720566,0.07336561381816864
502,2,2,0.2074914127588272,0.47348982095718384,0.11409267783164978,0.08699274808168411,0.11793330311775208
479,5,5,0.04066390544176102,0.09636548906564713,0.14727510511875153,0.30430763959884644,0.4113878607749939
308,2,2,0.27471646666526794,0.3015800714492798,0.17503921687602997,0.11955602467060089,0.1291082352399826
359,3,1,0.2971741855144501,0.11561575531959534,0.17354682087898254,0.18743395805358887,0.22622928023338318
296,4,5,0.024474654346704483,0.0708627700805664,0.11321409791707993,0.26721757650375366,0.5242308378219604
28,5,1,0.29195356369018555,0.2127915769815445,0.17522040009498596,0.1285872459411621,0.19144727289676666
243,4,1,0.23436392843723297,0.2204616516828537,0.20915021002292633,0.16702471673488617,0.16899947822093964
141,4,1,0.270759254693985,0.20658448338508606,0.14559568464756012,0.16619637608528137,0.21086421608924866
15,3,2,0.2262289822101593,0.2428116351366043,0.1548776477575302,0.18909046053886414,0.18699118494987488
84,2,1,0.23158442974090576,0.21396379172801971,0.17461052536964417,0.18129271268844604,0.19854846596717834
396,5,5,0.04292106255888939,0.08516599237918854,0.13796117901802063,0.2665298581123352,0.46742191910743713
232,2,5,0.25367847084999084,0.13583099842071533,0.11962123960256577,0.17340409755706787,0.3174651861190796
586,5,5,0.2231319546699524,0.15434850752353668,0.18028154969215393,0.19724468886852264,0.24499329924583435
192,5,5,0.20434428751468658,0.11219029128551483,0.17915217578411102,0.21447309851646423,0.28984013199806213
265,1,1,0.27253255248069763,0.17207857966423035,0.18121321499347687,0.1542181372642517,0.21995754539966583
268,1,1,0.3137325048446655,0.12738044559955597,0.17516301572322845,0.1610439121723175,0.22268015146255493
291,5,5,0.03981873020529747,0.09906113147735596,0.14800430834293365,0.2552195191383362,0.45789629220962524
173,5,2,0.20880047976970673,0.22141405940055847,0.2130039483308792,0.1793050467967987,0.17747652530670166
96,3,1,0.30728980898857117,0.29137998819351196,0.16006942093372345,0.12474404275417328,0.11651671677827835
556,1,2,0.07302011549472809,0.3123381733894348,0.20828492939472198,0.2182290256023407,0.1881278157234192
195,1,1,0.3328169882297516,0.14099599421024323,0.17583857476711273,0.15885095298290253,0.1914975643157959
230,1,1,0.294354110956192,0.2502037286758423,0.15228182077407837,0.12451101094484329,0.17864935100078583
588,4,5,0.08056797832250595,0.17664571106433868,0.2088625729084015,0.23018841445446014,0.3037353456020355
166,4,5,0.1439848244190216,0.11133121699094772,0.1567741185426712,0.27776631712913513,0.31014353036880493
225,4,2,0.24076858162879944,0.26008591055870056,0.1727040708065033,0.13881680369377136,0.18762461841106415
384,2,5,0.276550829410553,0.14785736799240112,0.12523700296878815,0.17066721618175507,0.2796876132488251
53,2,1,0.297658771276474,0.2604392468929291,0.1533215194940567,0.11926671862602234,0.1693136990070343
532,3,5,0.1243998110294342,0.10332456976175308,0.14984507858753204,0.25638726353645325,0.36604321002960205
345,1,1,0.25041428208351135,0.15932302176952362,0.16563795506954193,0.18484023213386536,0.23978450894355774
318,1,2,0.12693901360034943,0.2683187425136566,0.22584067285060883,0.1988452523946762,0.18005630373954773
54,2,4,0.12628892064094543,0.16014447808265686,0.1702459156513214,0.2862851023674011,0.2570355236530304
322,3,5,0.1434706300497055,0.16897274553775787,0.20546981692314148,0.1919206976890564,0.2901661694049835
187,4,2,0.09747254103422165,0.3244364559650421,0.23453547060489655,0.18925631046295166,0.1542992740869522
52,4,1,0.22304190695285797,0.17203503847122192,0.16511669754981995,0.22138339281082153,0.21842297911643982
401,3,5,0.04540354385972023,0.07793670147657394,0.10013313591480255,0.27983325719833374,0.49669334292411804
97,1,2,0.2219294160604477,0.3466409742832184,0.18121583759784698,0.14957153797149658,0.10064222663640976
252,4,1,0.33974817395210266,0.2239679992198944,0.16680949926376343,0.1262943595647812,0.1431799829006195
128,3,2,0.253004252910614,0.39461585879325867,0.17330262064933777,0.10630661994218826,0.07277064025402069
435,1,2,0.2603520452976227,0.3151738941669464,0.17507199943065643,0.12150053679943085,0.12790139019489288
421,4,5,0.025172138586640358,0.060957569628953934,0.11309823393821716,0.2628960907459259,0.5378759503364563
319,2,5,0.13186387717723846,0.2176944762468338,0.15943536162376404,0.23392139375209808,0.2570849061012268
298,1,5,0.16889819502830505,0.15573306381702423,0.1842811554670334,0.17762795090675354,0.3134596049785614
441,2,1,0.2867153286933899,0.16871914267539978,0.138902485370636,0.15439417958259583,0.2512688636779785
119,5,5,0.11151062697172165,0.09788922220468521,0.1460573375225067,0.2556799054145813,0.3888629376888275
457,5,5,0.20990991592407227,0.09618725627660751,0.17932219803333282,0.19946850836277008,0.3151122033596039
460,5,5,0.06487832218408585,0.11106012761592865,0.1757318526506424,0.2327711135149002,0.4155585467815399
488,3,5,0.22348840534687042,0.1477886140346527,0.16598989069461823,0.21618923544883728,0.24654383957386017
431,3,1,0.28993913531303406,0.24581514298915863,0.15305040776729584,0.14606688916683197,0.1651284545660019
369,5,5,0.21206648647785187,0.2080329954624176,0.16430936753749847,0.18598604202270508,0.2296050786972046
514,1,1,0.4774107336997986,0.1472885012626648,0.11964151263237,0.09915588051080704,0.15650337934494019
290,5,1,0.22386398911476135,0.22121356427669525,0.1674131155014038,0.18019360303878784,0.20731566846370697
266,5,5,0.07258313149213791,0.14068719744682312,0.1762915849685669,0.2266513705253601,0.38378673791885376
542,2,5,0.0715346559882164,0.20192918181419373,0.20869438350200653,0.23719601333141327,0.2806456983089447
366,1,2,0.10828900337219238,0.2679923176765442,0.2090788334608078,0.20750640332698822,0.20713336765766144
305,5,5,0.035199232399463654,0.08821860700845718,0.12544316053390503,0.2472519874572754,0.5038869976997375
151,1,2,0.2587657868862152,0.380234956741333,0.13780461251735687,0.13051776587963104,0.09267693758010864
0,4,2,0.21555817127227783,0.23379290103912354,0.172487273812294,0.1909678727388382,0.18719375133514404
371,3,1,0.2582949697971344,0.1780730038881302,0.18931549787521362,0.16032516956329346,0.21399134397506714
444,5,1,0.31179872155189514,0.21142718195915222,0.19752302765846252,0.11716421693563461,0.1620868593454361
67,1,1,0.2516811788082123,0.20024709403514862,0.15498098731040955,0.19309794902801514,0.19999274611473083
561,5,2,0.22005422413349152,0.3460666835308075,0.1669112592935562,0.1336030662059784,0.133364737033844
259,4,5,0.21189241111278534,0.1404339075088501,0.17363190650939941,0.21073630452156067,0.26330554485321045
80,3,5,0.04173985868692398,0.12435115873813629,0.17479129135608673,0.2772836685180664,0.3818340301513672
449,2,5,0.22007857263088226,0.14990097284317017,0.1742776483297348,0.204220712184906,0.251522034406662
132,1,1,0.3849104642868042,0.23492898046970367,0.13599707186222076,0.12309855967760086,0.1210649311542511
553,1,1,0.3119197189807892,0.16279512643814087,0.1601228266954422,0.14578410983085632,0.21937823295593262
79,1,5,0.1718016266822815,0.14864428341388702,0.19660857319831848,0.16847482323646545,0.31447070837020874
43,1,5,0.04847027361392975,0.09314282983541489,0.14112108945846558,0.2910957634449005,0.4261700212955475
153,5,5,0.0868813619017601,0.15448805689811707,0.19226373732089996,0.23671044409275055,0.32965633273124695
19,2,2,0.23371824622154236,0.3514469563961029,0.16838529706001282,0.12442061305046082,0.1220289096236229
526,4,5,0.08098677545785904,0.17824402451515198,0.18728531897068024,0.2738479673862457,0.27963584661483765
459,3,5,0.2364981472492218,0.15753157436847687,0.17552220821380615,0.18783144652843475,0.24261663854122162
400,2,2,0.2805057168006897,0.28264182806015015,0.1622220128774643,0.12244812399148941,0.15218237042427063
497,2,1,0.5174179077148438,0.18565432727336884,0.12651461362838745,0.08751015365123749,0.08290299773216248
447,4,5,0.20622360706329346,0.10023068636655807,0.1845862716436386,0.19099895656108856,0.3179605007171631
495,2,5,0.20943723618984222,0.10579294711351395,0.17800085246562958,0.20750918984413147,0.2992596924304962
452,5,1,0.36746445298194885,0.25843316316604614,0.17856049537658691,0.09199459105730057,0.10354737937450409
513,1,4,0.08819326758384705,0.1898016482591629,0.19745080173015594,0.2641262710094452,0.26042795181274414
20,1,1,0.49805572628974915,0.1740940511226654,0.14048932492733002,0.09121950715780258,0.09614139795303345
234,5,5,0.05588087439537048,0.0907018780708313,0.13976922631263733,0.23331323266029358,0.4803348481655121
467,4,5,0.14056876301765442,0.09748756885528564,0.13828392326831818,0.28987863659858704,0.3337811529636383
416,2,1,0.28191354870796204,0.1997680813074112,0.17501962184906006,0.16943594813346863,0.1738627701997757
150,2,2,0.28412729501724243,0.3891710937023163,0.1762613207101822,0.08770810812711716,0.06273213773965836
158,3,2,0.1276153177022934,0.5959704518318176,0.10813065618276596,0.08843101561069489,0.07985249161720276
117,5,5,0.04804622009396553,0.10846848785877228,0.15151448547840118,0.2763727307319641,0.4155980348587036
244,2,1,0.2634609341621399,0.19349853694438934,0.18689797818660736,0.1746814250946045,0.1814611405134201
343,2,1,0.3161470890045166,0.22696682810783386,0.19701620936393738,0.12977637350559235,0.1300935000181198
420,4,1,0.3233364224433899,0.14757424592971802,0.13020217418670654,0.1466689556837082,0.25221821665763855
336,3,1,0.25051847100257874,0.14912401139736176,0.16363030672073364,0.1933617889881134,0.24336546659469604
149,2,1,0.468942791223526,0.23170417547225952,0.13698823750019073,0.0876777395606041,0.07468710094690323
220,5,5,0.1797930896282196,0.12956392765045166,0.1644866019487381,0.24900850653648376,0.2771478593349457
423,5,5,0.057885173708200455,0.1054287776350975,0.14367225766181946,0.2585797607898712,0.43443411588668823
581,1,2,0.28733038902282715,0.3717857301235199,0.19327954947948456,0.0820203647017479,0.06558401137590408
537,2,2,0.27529528737068176,0.4001110792160034,0.1768258810043335,0.07930281013250351,0.06846500188112259
583,2,2,0.2275667041540146,0.30880677700042725,0.17490242421627045,0.13202793896198273,0.1566961407661438
427,3,5,0.03776983916759491,0.12701384723186493,0.15033888816833496,0.23665906488895416,0.44821834564208984
365,4,2,0.30875158309936523,0.32361865043640137,0.20261119306087494,0.08013035356998444,0.08488816022872925
214,2,5,0.05983647331595421,0.1184467002749443,0.20307642221450806,0.22098229825496674,0.3976580500602722
524,1,2,0.23322615027427673,0.2895009517669678,0.16936106979846954,0.14698199927806854,0.1609298288822174
464,1,1,0.2465522289276123,0.1633283793926239,0.16581077873706818,0.19139954447746277,0.23290911316871643
46,2,2,0.11848048865795135,0.36461207270622253,0.2184198945760727,0.16348597407341003,0.1350015550851822
240,2,5,0.06751640886068344,0.10073911398649216,0.17084714770317078,0.21340304613113403,0.44749417901039124
461,1,5,0.061501603573560715,0.12952110171318054,0.1637679785490036,0.22201627492904663,0.4231930077075958
55,2,5,0.20839408040046692,0.14724265038967133,0.163471519947052,0.20820829272270203,0.2726834714412689
346,3,1,0.27890872955322266,0.1787552386522293,0.18124644458293915,0.15348872542381287,0.20760087668895721
27,2,1,0.3739476203918457,0.2738936245441437,0.14140264689922333,0.10705123096704483,0.10370489209890366
175,1,5,0.1451582908630371,0.1260494440793991,0.15128940343856812,0.2394930124282837,0.3380098342895508
412,4,5,0.20882783830165863,0.1181580051779747,0.17767691612243652,0.20437505841255188,0.2909621596336365
595,3,1,0.32487115263938904,0.14378879964351654,0.1234857365489006,0.15028220415115356,0.25757211446762085
470,1,2,0.13841482996940613,0.3608689606189728,0.19210833311080933,0.17232753336429596,0.136280357837677
162,4,4,0.06260059773921967,0.17758440971374512,0.19542032480239868,0.2833360731601715,0.28105854988098145
348,5,5,0.02890288084745407,0.07287008315324783,0.12041480839252472,0.275907427072525,0.5019048452377319
330,1,1,0.7860108613967896,0.049569301307201385,0.051937948912382126,0.05295247212052345,0.05952941253781319
85,2,2,0.2561723589897156,0.28855249285697937,0.16278137266635895,0.13508565723896027,0.15740802884101868
309,1,2,0.31662997603416443,0.3216330111026764,0.17750176787376404,0.10308358818292618,0.08115161955356598
167,3,5,0.13875243067741394,0.12321563810110092,0.15928202867507935,0.26744428277015686,0.31130558252334595
545,3,4,0.1736663430929184,0.1413237750530243,0.14544065296649933,0.2848057150840759,0.25476351380348206
453,1,1,0.31489038467407227,0.24461503326892853,0.1530771404504776,0.13023869693279266,0.1571788638830185
112,1,1,0.5828760862350464,0.19873830676078796,0.0916232243180275,0.06513335555791855,0.06162908673286438
18,4,5,0.059812597930431366,0.11635135114192963,0.18118372559547424,0.23309601843357086,0.4095563292503357
389,5,5,0.23439766466617584,0.13554798066616058,0.1838303506374359,0.18294279277324677,0.2632811963558197
379,1,4,0.22530332207679749,0.15731097757816315,0.1527913212776184,0.24415422976016998,0.22044020891189575
571,2,2,0.15384069085121155,0.32562682032585144,0.21372656524181366,0.14839302003383636,0.15841294825077057
287,1,1,0.3150434195995331,0.14562179148197174,0.12253987789154053,0.15154483914375305,0.265250027179718
218,4,2,0.19265756011009216,0.31171754002571106,0.21611975133419037,0.14094774425029755,0.13855741918087006
363,3,1,0.33605536818504333,0.15946464240550995,0.12535256147384644,0.13888326287269592,0.24024416506290436
306,5,5,0.21316716074943542,0.11418908089399338,0.17787900567054749,0.20071962475776672,0.2940451204776764
245,5,1,0.31571733951568604,0.21534810960292816,0.17312262952327728,0.13176509737968445,0.16404679417610168
163,5,5,0.03082404099404812,0.08105282485485077,0.119956836104393,0.2881191372871399,0.4800471067428589
233,3,5,0.06153351068496704,0.14021524786949158,0.15052059292793274,0.23989717662334442,0.40783339738845825
16,2,5,0.09349866211414337,0.1455591917037964,0.15215396881103516,0.21909992396831512,0.38968825340270996
405,2,2,0.17123615741729736,0.24658477306365967,0.21132923662662506,0.21961387991905212,0.15123596787452698
72,4,1,0.35283398628234863,0.2605181634426117,0.20149698853492737,0.08144315332174301,0.10370776802301407
540,4,1,0.3625852167606354,0.21855592727661133,0.16530101001262665,0.12219294160604477,0.13136489689350128
98,1,2,0.23659352958202362,0.30841264128685,0.17738673090934753,0.1541804075241089,0.12342670559883118
521,4,2,0.20708642899990082,0.2424330711364746,0.16720828413963318,0.18653389811515808,0.19673827290534973
94,1,1,0.3689287304878235,0.28069376945495605,0.12353049218654633,0.11807258427143097,0.10877442359924316
111,5,1,0.28082188963890076,0.26293015480041504,0.17109069228172302,0.12655530869960785,0.15860198438167572
40,1,5,0.22949287295341492,0.16553013026714325,0.16313110291957855,0.20253679156303406,0.23930901288986206
559,4,5,0.24167661368846893,0.1230774000287056,0.1764015555381775,0.185668483376503,0.2731758952140808
237,1,5,0.043396059423685074,0.12716783583164215,0.1515599936246872,0.2631208598613739,0.4147552251815796
370,5,2,0.2165321409702301,0.22491277754306793,0.19332268834114075,0.1656494140625,0.19958294928073883
200,3,1,0.4292687177658081,0.17118015885353088,0.14617790281772614,0.1221272349357605,0.1312459409236908
437,1,1,0.2315637171268463,0.17797240614891052,0.16150398552417755,0.20633633434772491,0.22262349724769592
446,1,5,0.14254796504974365,0.14858902990818024,0.18097417056560516,0.24417290091514587,0.28371596336364746
95,2,5,0.08537899702787399,0.20824240148067474,0.21162071824073792,0.23372939229011536,0.26102855801582336
127,4,1,0.3465927839279175,0.17656210064888,0.16445407271385193,0.12185065448284149,0.1905404031276703
327,2,1,0.495755136013031,0.1826029121875763,0.13066092133522034,0.09567173570394516,0.0953093096613884
395,4,1,0.22819264233112335,0.18023282289505005,0.17326809465885162,0.21574583649635315,0.20256054401397705
538,3,2,0.12569735944271088,0.33648350834846497,0.21299441158771515,0.1760541945695877,0.14877057075500488
222,1,1,0.31114667654037476,0.1226407065987587,0.17267459630966187,0.15888062119483948,0.2346574366092682
572,2,2,0.2758970558643341,0.276123970746994,0.15358667075634003,0.1357867568731308,0.1586054563522339
544,1,1,0.30509620904922485,0.14145350456237793,0.13311751186847687,0.16282348334789276,0.2575092613697052
550,1,1,0.31221505999565125,0.20033185184001923,0.14097653329372406,0.20088760554790497,0.14558902382850647
184,3,1,0.2796771228313446,0.19529259204864502,0.16753730177879333,0.18314151465892792,0.17435143887996674
190,5,5,0.15092594921588898,0.18510638177394867,0.14180691540241241,0.24397927522659302,0.27818143367767334
176,3,5,0.21984536945819855,0.14050324261188507,0.17086556553840637,0.20807401835918427,0.2607118487358093
407,1,1,0.3241874873638153,0.22219063341617584,0.17176073789596558,0.13206316530704498,0.14979790151119232
186,5,5,0.18673107028007507,0.1297830194234848,0.16296251118183136,0.23736464977264404,0.2831587791442871
285,1,1,0.24098697304725647,0.15335743129253387,0.15958888828754425,0.22166115045547485,0.22440552711486816
102,2,1,0.26596301794052124,0.26543042063713074,0.1728975474834442,0.13733646273612976,0.15837253630161285
253,2,5,0.2673751413822174,0.13532307744026184,0.11797001957893372,0.1662231832742691,0.31310850381851196
362,2,1,0.2530065178871155,0.2270054966211319,0.16825580596923828,0.17228452861309052,0.17944765090942383
584,4,5,0.1708124577999115,0.11336130648851395,0.1467309296131134,0.2473883032798767,0.32170695066452026
316,1,4,0.21986627578735352,0.19893305003643036,0.14942358434200287,0.22790874540805817,0.2038683444261551
198,1,1,0.3511897623538971,0.2993352711200714,0.14355754852294922,0.11799120903015137,0.0879262387752533
33,2,2,0.20376966893672943,0.4689359664916992,0.12469280511140823,0.0884900614619255,0.1141115203499794
197,4,5,0.03682097792625427,0.09473610669374466,0.13048382103443146,0.2701261043548584,0.467833012342453
489,2,1,0.28756698966026306,0.2400750070810318,0.14047907292842865,0.15400774776935577,0.17787116765975952
434,4,1,0.3136102855205536,0.23706644773483276,0.15582604706287384,0.14701831340789795,0.14647899568080902
292,3,1,0.26151058077812195,0.19878442585468292,0.1664528250694275,0.16770736873149872,0.20554481446743011
555,5,5,0.09313126653432846,0.1247447058558464,0.17622561752796173,0.2540532946586609,0.3518451452255249
182,4,5,0.23233838379383087,0.13113754987716675,0.17158131301403046,0.20090176165103912,0.2640409469604492
351,3,1,0.2922843098640442,0.1600537747144699,0.13427329063415527,0.15708257257938385,0.256305992603302
157,1,1,0.7465105652809143,0.06954819709062576,0.062253188341856,0.0619148351252079,0.05977309122681618
86,3,5,0.1319795846939087,0.2121793031692505,0.19060444831848145,0.17933008074760437,0.2859065532684326
506,3,2,0.19891704618930817,0.24600932002067566,0.17181815207004547,0.20147737860679626,0.18177811801433563
42,2,2,0.1359291523694992,0.3179995119571686,0.21764622628688812,0.16404655575752258,0.16437841951847076
352,4,5,0.22267788648605347,0.11063149571418762,0.18581219017505646,0.19239376485347748,0.288484662771225
419,1,1,0.5403677821159363,0.19819514453411102,0.1048486977815628,0.0759287178516388,0.08065961301326752
68,4,2,0.24158063530921936,0.3182852566242218,0.17375552654266357,0.12979687750339508,0.13658170402050018
188,3,1,0.2894727885723114,0.2207050323486328,0.14714433252811432,0.15804417431354523,0.1846337467432022
332,1,1,0.6371390223503113,0.1168856993317604,0.10804617404937744,0.0632348358631134,0.07469429075717926
105,3,2,0.1925097405910492,0.4917546212673187,0.10016351193189621,0.09165548533201218,0.1239166408777237
60,5,2,0.196655735373497,0.24014388024806976,0.16374461352825165,0.1945905089378357,0.20486530661582947
224,3,1,0.28124427795410156,0.15770787000656128,0.14697790145874023,0.19248783588409424,0.22158218920230865
381,1,2,0.23265691101551056,0.30247199535369873,0.1802564412355423,0.13003218173980713,0.1545824259519577
30,4,1,0.31255844235420227,0.2230689525604248,0.15298892557621002,0.1553782820701599,0.1560053825378418
69,1,5,0.11223103106021881,0.22118662297725677,0.1727505922317505,0.24547654390335083,0.24835525453090668
174,1,1,0.2786126136779785,0.2595217525959015,0.16279615461826324,0.13470132648944855,0.16436804831027985
271,1,1,0.7146168947219849,0.06875913590192795,0.08622683584690094,0.05839155614376068,0.07200554758310318
491,5,5,0.22533950209617615,0.14314979314804077,0.17026852071285248,0.20228013396263123,0.25896206498146057
159,2,2,0.30358240008354187,0.3717140257358551,0.16994620859622955,0.0876331552863121,0.0671241506934166
574,1,5,0.15831208229064941,0.2109748125076294,0.16433358192443848,0.222661092877388,0.24371851980686188
517,5,1,0.25208547711372375,0.20513732731342316,0.17249451577663422,0.18516172468662262,0.18512091040611267
121,1,1,0.311026006937027,0.26994970440864563,0.1704198122024536,0.12633521854877472,0.12226926535367966
196,1,1,0.3243379294872284,0.14184993505477905,0.11662691831588745,0.1406041383743286,0.2765810787677765
462,3,5,0.2136378139257431,0.15474529564380646,0.16725674271583557,0.2160031944513321,0.2483569085597992
8,1,1,0.2860608994960785,0.20448696613311768,0.14105293154716492,0.15624336898326874,0.21215572953224182
335,2,2,0.26779213547706604,0.2767235338687897,0.19627311825752258,0.15395645797252655,0.10525476187467575
505,4,5,0.21219651401042938,0.14442722499370575,0.1661166399717331,0.20668309926986694,0.27057647705078125
289,4,2,0.24292100965976715,0.3275339901447296,0.17368748784065247,0.11173313111066818,0.14412431418895721
257,3,1,0.39379823207855225,0.24393440783023834,0.14833953976631165,0.10526839643716812,0.10865941643714905
231,4,5,0.15017424523830414,0.11474265158176422,0.17478762567043304,0.22962461411952972,0.33067086338996887
560,4,1,0.2512820065021515,0.15582488477230072,0.1786782145500183,0.1850440949201584,0.22917073965072632
522,5,5,0.04514039680361748,0.0818343311548233,0.1268610805273056,0.3339656591415405,0.412198543548584
593,5,1,0.27630946040153503,0.1753803789615631,0.17731021344661713,0.1462319940328598,0.22476792335510254
337,3,5,0.06288696825504303,0.1576945036649704,0.19320641458034515,0.24702435731887817,0.33918771147727966
533,4,2,0.09489130228757858,0.34542518854141235,0.2294638752937317,0.1810510754585266,0.14916859567165375
504,1,1,0.38743504881858826,0.18728023767471313,0.17148517072200775,0.12912748754024506,0.12467203289270401
248,5,5,0.2936759293079376,0.11205694824457169,0.12010115385055542,0.1656952053308487,0.3084706962108612
492,1,2,0.16412995755672455,0.31539055705070496,0.2367514967918396,0.14273156225681305,0.14099642634391785
557,4,3,0.10935278236865997,0.24987982213497162,0.2776341438293457,0.15960347652435303,0.2035297304391861
152,3,5,0.08335039764642715,0.16268621385097504,0.17437085509300232,0.2543274462223053,0.3252650499343872
168,4,1,0.2690618336200714,0.1514582633972168,0.18307507038116455,0.16180790960788727,0.23459698259830475
1,1,1,0.2785860300064087,0.2556130588054657,0.1653723269701004,0.13148173689842224,0.16894684731960297
90,5,1,0.23948456346988678,0.22977788746356964,0.16632653772830963,0.15554304420948029,0.2088679075241089
24,1,1,0.7173066139221191,0.07074442505836487,0.08796416223049164,0.0570986270904541,0.06688618659973145
282,2,2,0.12901939451694489,0.597937285900116,0.10101674497127533,0.08946738392114639,0.08255922794342041
239,3,2,0.28776815533638,0.3735666573047638,0.17883898317813873,0.0903136134147644,0.06951260566711426
261,2,1,0.286784827709198,0.2473999559879303,0.1784178465604782,0.1261802762746811,0.16121713817119598
34,4,5,0.22918768227100372,0.1333911269903183,0.12782055139541626,0.18750174343585968,0.32209885120391846
507,5,5,0.08854877948760986,0.1858011931180954,0.2078329622745514,0.22881251573562622,0.2890045642852783
66,5,2,0.0740315169095993,0.3099915385246277,0.2391853928565979,0.2107098251581192,0.16608165204524994
530,2,1,0.3272213339805603,0.2795336842536926,0.15255023539066315,0.11555436253547668,0.12514033913612366
238,2,1,0.34949982166290283,0.14647236466407776,0.17869356274604797,0.14235670864582062,0.182977557182312
410,3,5,0.07896576821804047,0.23932524025440216,0.19196809828281403,0.22054994106292725,0.2691909670829773
23,1,1,0.3568751811981201,0.2872723639011383,0.13267074525356293,0.1210269033908844,0.10215477645397186
374,4,1,0.3323487937450409,0.23581326007843018,0.16311749815940857,0.12300700694322586,0.1457134485244751
565,1,5,0.1278119534254074,0.14341142773628235,0.1539163589477539,0.26561030745506287,0.30924999713897705
228,3,1,0.3208628296852112,0.21383777260780334,0.15969640016555786,0.13069987297058105,0.17490319907665253
314,5,4,0.07960309833288193,0.24424490332603455,0.22078466415405273,0.24954518675804138,0.2058221846818924
301,4,5,0.1206139549612999,0.1037464290857315,0.1615031510591507,0.24229200184345245,0.3718443810939789
62,4,2,0.23841167986392975,0.3373119831085205,0.15719735622406006,0.11982081085443497,0.14725813269615173
258,3,5,0.2610253393650055,0.14433443546295166,0.13472628593444824,0.1750030815601349,0.2849108576774597
38,4,5,0.12406281381845474,0.21567264199256897,0.18785357475280762,0.22061118483543396,0.2517998218536377
558,1,1,0.254759281873703,0.15583524107933044,0.14876575767993927,0.226113423705101,0.2145262509584427
31,3,5,0.22527213394641876,0.10050573199987411,0.17226524651050568,0.19741570949554443,0.3045412302017212
356,2,1,0.24657489359378815,0.16022837162017822,0.1649007946252823,0.21813814342021942,0.21015779674053192
580,2,1,0.3445042669773102,0.24723584949970245,0.1877332478761673,0.11068840324878693,0.10983821749687195
433,3,5,0.04918908327817917,0.12012404948472977,0.1672447770833969,0.25899815559387207,0.4044439196586609
104,4,5,0.23501700162887573,0.15742935240268707,0.13912034034729004,0.19508114457130432,0.27335217595100403
353,1,5,0.2318284660577774,0.12885834276676178,0.17061357200145721,0.1997813582420349,0.26891833543777466
75,4,1,0.5025579333305359,0.13148000836372375,0.1397199183702469,0.09757470339536667,0.12866733968257904
4,1,1,0.2345450222492218,0.22973355650901794,0.2159126251935959,0.17719846963882446,0.14261025190353394
350,3,5,0.14172430336475372,0.10757532715797424,0.16497410833835602,0.2432701736688614,0.34245607256889343
135,1,1,0.25164297223091125,0.24821630120277405,0.14295406639575958,0.1765691041946411,0.1806175410747528
585,2,2,0.23782628774642944,0.27393192052841187,0.16998262703418732,0.13583655655384064,0.18242263793945312
466,3,1,0.3055481016635895,0.25394272804260254,0.17610181868076324,0.12570247054100037,0.1387048363685608
10,4,1,0.24345581233501434,0.17744271457195282,0.14184878766536713,0.23179711401462555,0.20545557141304016
528,4,5,0.054604146629571915,0.2055201232433319,0.19426485896110535,0.2480924129486084,0.2975184917449951
283,3,2,0.21643699705600739,0.26874738931655884,0.15946340560913086,0.19171059131622314,0.1636415719985962
430,2,5,0.09447813779115677,0.11897836625576019,0.18061548471450806,0.27224043011665344,0.3336876928806305
440,5,5,0.15224868059158325,0.12447243928909302,0.1457347720861435,0.2680388391017914,0.3095051944255829
202,5,5,0.06319771707057953,0.1373170167207718,0.18139903247356415,0.26228904724121094,0.35579714179039
49,1,2,0.20788955688476562,0.28253206610679626,0.16892912983894348,0.17354801297187805,0.167101189494133
490,1,2,0.2375534474849701,0.32490864396095276,0.190884068608284,0.11651386320590973,0.1301400363445282
393,1,5,0.14840580523014069,0.10498841106891632,0.14764295518398285,0.27784401178359985,0.3211188018321991
516,5,5,0.05043448507785797,0.15962384641170502,0.16928218305110931,0.2676985561847687,0.3529609441757202
250,2,2,0.12248577177524567,0.2885349988937378,0.1893099844455719,0.20320916175842285,0.1964600831270218
392,5,5,0.07436785846948624,0.1318427175283432,0.19843415915966034,0.23823416233062744,0.3571210503578186
206,3,2,0.20365411043167114,0.25718480348587036,0.16753900051116943,0.1789521425962448,0.19266997277736664
483,1,2,0.16888423264026642,0.2756713628768921,0.18251043558120728,0.18035484850406647,0.19257907569408417
508,3,5,0.07120656222105026,0.18964624404907227,0.17893469333648682,0.2581082880496979,0.30210423469543457
216,5,5,0.2135649174451828,0.1311258226633072,0.1791648268699646,0.20898020267486572,0.2671641707420349
474,2,5,0.25366339087486267,0.13661783933639526,0.14290381968021393,0.19346624612808228,0.2733486592769623
118,3,1,0.2507266402244568,0.1536259800195694,0.1343471258878708,0.22790759801864624,0.23339267075061798
50,5,1,0.2390536367893219,0.16022765636444092,0.1718941479921341,0.19512270390987396,0.23370184004306793
180,3,1,0.22935166954994202,0.19842277467250824,0.16780415177345276,0.21419313549995422,0.19022825360298157
100,3,2,0.10799252241849899,0.3390650451183319,0.19034594297409058,0.19343790411949158,0.16915865242481232
279,4,5,0.06631043553352356,0.18815921247005463,0.2011510133743286,0.23210382461547852,0.3122754395008087
213,1,1,0.29812198877334595,0.15131403505802155,0.12528303265571594,0.1502101868391037,0.27507078647613525
264,2,5,0.1431065946817398,0.10805247724056244,0.14206340909004211,0.24557532370090485,0.3612021803855896
478,3,2,0.23106910288333893,0.3531353175640106,0.17782634496688843,0.12676310539245605,0.11120616644620895
32,2,2,0.14694790542125702,0.40955981612205505,0.10765370726585388,0.16747474670410156,0.16836386919021606
458,5,1,0.2806544899940491,0.18369033932685852,0.1850537657737732,0.14605537056922913,0.2045460045337677
501,1,2,0.09792786091566086,0.3377237319946289,0.23242805898189545,0.19286984205245972,0.13905055820941925
312,1,1,0.22062204778194427,0.20723457634449005,0.16702300310134888,0.21841631829738617,0.18670402467250824
91,1,1,0.5091599822044373,0.1593342125415802,0.09930645674467087,0.12397818267345428,0.1082211285829544
476,3,4,0.12229326367378235,0.23167289793491364,0.19813908636569977,0.2325415164232254,0.21535320580005646
9,3,1,0.3156477212905884,0.25524812936782837,0.18178391456604004,0.13208067417144775,0.11523963510990143
280,2,5,0.2282162457704544,0.17805996537208557,0.1847582310438156,0.1805625706911087,0.2284030020236969
429,5,5,0.2162483185529709,0.14076340198516846,0.174416646361351,0.21771720051765442,0.2508544325828552
455,1,5,0.2782812714576721,0.11194358021020889,0.11733085662126541,0.15406040847301483,0.33838388323783875
77,5,5,0.08295926451683044,0.20517492294311523,0.21719038486480713,0.23867525160312653,0.25600019097328186
387,1,2,0.18303091824054718,0.5253208875656128,0.09514929354190826,0.08119578659534454,0.1153031662106514
408,1,2,0.2587319314479828,0.27842020988464355,0.17135651409626007,0.13691723346710205,0.15457411110401154
278,4,5,0.08448109030723572,0.13926145434379578,0.15869402885437012,0.243362158536911,0.3742012679576874
227,1,5,0.2438715249300003,0.11530402302742004,0.17255452275276184,0.18491363525390625,0.283356249332428
480,5,5,0.2276819795370102,0.1688634753227234,0.1920364797115326,0.1704474687576294,0.24097061157226562
486,5,1,0.2841648459434509,0.22941090166568756,0.13988985121250153,0.1957141011953354,0.15082022547721863
246,1,4,0.06766430288553238,0.17199277877807617,0.17290113866329193,0.2937220633029938,0.2937197983264923
123,1,2,0.266404390335083,0.3931144177913666,0.19243034720420837,0.08355879038572311,0.06449209153652191
386,5,1,0.2894740104675293,0.23592601716518402,0.158243790268898,0.1325046271085739,0.18385158479213715
300,2,2,0.23655560612678528,0.2388342022895813,0.15510712563991547,0.18302112817764282,0.18648192286491394
534,4,5,0.21188762784004211,0.2157554030418396,0.15868505835533142,0.18577466905117035,0.2278973013162613
469,1,2,0.22968918085098267,0.4305635988712311,0.11533936113119125,0.09647795557975769,0.12792982161045074
340,3,1,0.2265002280473709,0.22337795794010162,0.17607398331165314,0.14973150193691254,0.22431634366512299
551,1,5,0.030902037397027016,0.10482065379619598,0.15988340973854065,0.257539838552475,0.4468541145324707
554,1,5,0.21701762080192566,0.13627490401268005,0.17959468066692352,0.19448284804821014,0.272629976272583
354,1,2,0.25329113006591797,0.3201236128807068,0.1676551252603531,0.11581592261791229,0.14311425387859344
576,4,2,0.22879818081855774,0.30573394894599915,0.14731018245220184,0.1502232700586319,0.16793441772460938
334,5,5,0.23489847779273987,0.17806454002857208,0.17943796515464783,0.16976453363895416,0.23783451318740845
454,3,1,0.2513171434402466,0.16051942110061646,0.18619486689567566,0.17834575474262238,0.2236228883266449
500,5,5,0.27140137553215027,0.1465952843427658,0.1345810741186142,0.1646469384431839,0.28277525305747986
139,5,5,0.22068805992603302,0.11233942210674286,0.18314142525196075,0.18877002596855164,0.29506102204322815
578,1,1,0.3525433838367462,0.2288719117641449,0.16524182260036469,0.11831916868686676,0.13502368330955505
273,3,2,0.06864777952432632,0.25389572978019714,0.21789659559726715,0.2068166434764862,0.25274327397346497
549,4,2,0.22668413817882538,0.435320645570755,0.12203598022460938,0.08971869200468063,0.1262405514717102
37,3,1,0.2596939504146576,0.2586338520050049,0.16323190927505493,0.13265489041805267,0.18578550219535828
391,2,5,0.20928539335727692,0.10587213933467865,0.17816303670406342,0.20110374689102173,0.30557575821876526
99,3,1,0.4227460026741028,0.21049024164676666,0.126530259847641,0.12890754640102386,0.11132592707872391
25,4,5,0.17013904452323914,0.18860642611980438,0.15922506153583527,0.20490330457687378,0.27712613344192505
138,2,2,0.08998899161815643,0.31120309233665466,0.2629300355911255,0.18281035125255585,0.15306761860847473
155,1,1,0.2392033040523529,0.1741965115070343,0.14063997566699982,0.2384776920080185,0.2074824869632721
183,3,1,0.24959725141525269,0.2245369404554367,0.1705763041973114,0.18037359416484833,0.17491589486598969
496,1,2,0.16874493658542633,0.2914274036884308,0.17123953998088837,0.22264645993709564,0.14594171941280365
201,5,5,0.06303326040506363,0.16387835144996643,0.2098809778690338,0.2428656369447708,0.3203417956829071
450,5,5,0.10905171930789948,0.1065538302063942,0.15238748490810394,0.2589775323867798,0.3730294108390808
286,3,1,0.33741578459739685,0.2969362735748291,0.16360992193222046,0.10263955593109131,0.0993984192609787
199,5,1,0.3027136027812958,0.17906449735164642,0.1757824420928955,0.14568749070167542,0.1967519372701645
254,3,1,0.2656993567943573,0.13704028725624084,0.17046710848808289,0.1867096871137619,0.2400835156440735
223,5,5,0.045389771461486816,0.12609729170799255,0.16698835790157318,0.2797654867172241,0.38175901770591736
64,1,2,0.26453879475593567,0.2852523922920227,0.16632620990276337,0.14366114139556885,0.1402214616537094
383,5,1,0.5345115065574646,0.12180644273757935,0.1331835687160492,0.0928809642791748,0.11761745810508728
573,2,2,0.2326413094997406,0.30969759821891785,0.18937864899635315,0.13351309299468994,0.13476930558681488
272,3,5,0.21788732707500458,0.13736198842525482,0.1765381246805191,0.19887779653072357,0.2693347930908203
249,4,2,0.14943957328796387,0.42480775713920593,0.10528694093227386,0.15019792318344116,0.17026783525943756
358,1,4,0.14579440653324127,0.11046158522367477,0.1554889678955078,0.2956332564353943,0.29262176156044006
82,5,5,0.07447735220193863,0.1314212530851364,0.17245475947856903,0.2755555808544159,0.34609103202819824
178,1,2,0.2753591239452362,0.3828379809856415,0.18513751029968262,0.09307846426963806,0.06358693540096283
130,1,5,0.2506994903087616,0.11855760961771011,0.12837474048137665,0.20182228088378906,0.300545871257782
236,3,5,0.25302937626838684,0.11957770586013794,0.12157420814037323,0.1829344630241394,0.32288429141044617
415,4,1,0.24948865175247192,0.16767586767673492,0.1742812693119049,0.18226969242095947,0.226284459233284
511,2,1,0.39010143280029297,0.24213598668575287,0.1135798916220665,0.1440480649471283,0.11013457179069519
12,2,2,0.1841249316930771,0.22343197464942932,0.16823050379753113,0.2162453532218933,0.20796728134155273
525,5,5,0.08386117964982986,0.18070870637893677,0.16665905714035034,0.2621789872646332,0.30659207701683044
372,2,2,0.17643040418624878,0.3344723880290985,0.19417211413383484,0.16357801854610443,0.13134703040122986
344,2,2,0.12720763683319092,0.27511268854141235,0.23470383882522583,0.19769170880317688,0.16528411209583282
106,1,1,0.6731513738632202,0.13359493017196655,0.0806218758225441,0.05904073640704155,0.05359102413058281
108,4,2,0.10234951972961426,0.32988470792770386,0.23903599381446838,0.18384407460689545,0.14488568902015686
487,5,1,0.2975168228149414,0.2773686945438385,0.18194440007209778,0.12685786187648773,0.116312175989151
536,1,1,0.7976776361465454,0.04223766550421715,0.057646092027425766,0.054513294249773026,0.04792524874210358
177,2,2,0.19917146861553192,0.47928696870803833,0.11630749702453613,0.08458392322063446,0.12065014988183975
131,3,1,0.27756747603416443,0.21007469296455383,0.16430607438087463,0.17313551902770996,0.17491628229618073
394,2,5,0.20593386888504028,0.20888441801071167,0.13862742483615875,0.19458267092704773,0.25197166204452515
87,5,1,0.23761263489723206,0.1593867689371109,0.15945160388946533,0.21354198455810547,0.23000697791576385
339,1,1,0.3842702805995941,0.18557532131671906,0.14765462279319763,0.14247027039527893,0.14002954959869385
567,5,5,0.04736316576600075,0.07792738825082779,0.12263406813144684,0.3310754597187042,0.4209999740123749
161,5,1,0.4836634695529938,0.23628880083560944,0.12412901222705841,0.08075486868619919,0.0751638188958168
324,5,5,0.10459237545728683,0.09551618993282318,0.14292117953300476,0.25250381231307983,0.4044664800167084
347,1,1,0.24319034814834595,0.23504211008548737,0.1679803729057312,0.1781325340270996,0.17565466463565826
475,5,1,0.24099433422088623,0.20440243184566498,0.16813984513282776,0.180230975151062,0.20623236894607544
425,2,2,0.0790557861328125,0.32991132140159607,0.2504573464393616,0.19724462926387787,0.14333099126815796
251,4,5,0.25389307737350464,0.12384206801652908,0.12303326278924942,0.16450656950473785,0.3347250521183014
436,3,2,0.22849918901920319,0.23004114627838135,0.17537255585193634,0.15737707912921906,0.2087099850177765
11,2,1,0.21840058267116547,0.18935757875442505,0.17112664878368378,0.20355045795440674,0.21756470203399658
377,4,5,0.2225388139486313,0.16030928492546082,0.1380118876695633,0.19121460616588593,0.2879254221916199
47,1,2,0.2826210856437683,0.30766573548316956,0.17625951766967773,0.11516065150499344,0.1182929277420044
338,2,2,0.3035852313041687,0.3283090591430664,0.16179873049259186,0.11687518656253815,0.08943185210227966
388,3,5,0.21291378140449524,0.1583935171365738,0.17460669577121735,0.20865601301193237,0.24543000757694244
445,5,5,0.1260499209165573,0.1084420457482338,0.15653695166110992,0.25854426622390747,0.3504267930984497
592,1,1,0.34239664673805237,0.29015305638313293,0.1849474012851715,0.09500203281641006,0.08750090003013611
399,4,5,0.03907164931297302,0.0990009680390358,0.1572481244802475,0.26431530714035034,0.44036397337913513
331,5,5,0.21682463586330414,0.15272659063339233,0.1603221893310547,0.21406008303165436,0.2560664713382721
413,5,5,0.06054277718067169,0.12136976420879364,0.16436395049095154,0.22927998006343842,0.4244435131549835
241,2,1,0.287645548582077,0.18398429453372955,0.17788253724575043,0.17369799315929413,0.17678959667682648
165,1,1,0.3117680847644806,0.2050718516111374,0.19098547101020813,0.14836786687374115,0.14380669593811035
143,3,5,0.064354307949543,0.15899431705474854,0.19105975329875946,0.23766165971755981,0.3479299545288086
519,2,1,0.2730727195739746,0.17216522991657257,0.1836727112531662,0.15174390375614166,0.21934543550014496
443,1,1,0.6217178702354431,0.11896788328886032,0.11618833243846893,0.06984041631221771,0.07328547537326813
65,4,1,0.4977576434612274,0.1713470071554184,0.14443781971931458,0.09550998359918594,0.09094760566949844
398,1,4,0.15529507398605347,0.2166622132062912,0.1562071442604065,0.23887117207050323,0.23296445608139038
39,2,5,0.03834141790866852,0.07284487038850784,0.11585778743028641,0.28203603625297546,0.49091991782188416
456,2,5,0.05604030564427376,0.1412704735994339,0.16104407608509064,0.29164329171180725,0.35000187158584595
57,2,1,0.24832816421985626,0.2029714584350586,0.18122343719005585,0.1504603624343872,0.2170165777206421
535,2,1,0.3391265869140625,0.2298600673675537,0.1895523965358734,0.12349213659763336,0.1179688572883606
547,5,5,0.0624886229634285,0.17114615440368652,0.1690932810306549,0.2400752604007721,0.3571966588497162
44,2,1,0.2877393960952759,0.17733733355998993,0.1479959934949875,0.1613810509443283,0.2255462110042572
247,2,1,0.3094768524169922,0.22215960919857025,0.179149329662323,0.14735792577266693,0.14185620844364166
471,4,5,0.07078387588262558,0.16864213347434998,0.17226247489452362,0.2492062896490097,0.3391052484512329
276,1,1,0.2383424937725067,0.19198447465896606,0.16530956327915192,0.18576973676681519,0.21859368681907654
541,2,1,0.5970717668533325,0.13874311745166779,0.10345707088708878,0.08264710009098053,0.0780809074640274
520,3,4,0.20137834548950195,0.12756085395812988,0.16678579151630402,0.25745055079460144,0.24682439863681793
503,5,1,0.27490171790122986,0.18364503979682922,0.19143526256084442,0.14870700240135193,0.20131109654903412
147,5,5,0.05738553777337074,0.16030344367027283,0.15481224656105042,0.282313734292984,0.34518498182296753
189,2,5,0.11545051634311676,0.09746825695037842,0.15344882011413574,0.24517987668514252,0.38845255970954895
113,5,5,0.02213175594806671,0.06191084161400795,0.10867127776145935,0.2873367965221405,0.5199493169784546
515,1,2,0.2931084632873535,0.33820509910583496,0.1209447830915451,0.10527119785547256,0.14247049391269684
125,5,2,0.208552286028862,0.3124047815799713,0.23033744096755981,0.12927664816379547,0.11942877620458603
58,2,1,0.24171406030654907,0.17852944135665894,0.16553723812103271,0.18657146394252777,0.22764787077903748
442,1,1,0.26958006620407104,0.16676397621631622,0.18109990656375885,0.18061965703964233,0.201936274766922
215,5,5,0.04297080636024475,0.08655745536088943,0.14583489298820496,0.25735989212989807,0.467276930809021
267,5,5,0.0692606195807457,0.10724256187677383,0.15738274157047272,0.22635620832443237,0.43975791335105896
204,3,1,0.25064516067504883,0.21627365052700043,0.1687614768743515,0.17958766222000122,0.18473201990127563
146,5,5,0.05387057363986969,0.1364407241344452,0.1658930778503418,0.25470080971717834,0.3890947699546814
209,4,5,0.04453272372484207,0.12659016251564026,0.16853289306163788,0.2678448259830475,0.3924994170665741
148,2,2,0.2242240160703659,0.3190402090549469,0.18868649005889893,0.13847699761390686,0.12957227230072021
472,2,1,0.42874598503112793,0.27213314175605774,0.11388795077800751,0.09758485108613968,0.08764804154634476
563,4,5,0.2205277979373932,0.11729754507541656,0.1767294853925705,0.21137243509292603,0.2740728259086609
484,4,2,0.24127890169620514,0.27185654640197754,0.169820636510849,0.1461377888917923,0.1709061712026596
355,1,1,0.2382366806268692,0.16324402391910553,0.15859219431877136,0.20515397191047668,0.23477314412593842
277,5,2,0.23199068009853363,0.40300408005714417,0.13259084522724152,0.10637418180704117,0.1260402798652649
137,4,1,0.2919307351112366,0.2609001100063324,0.17163413763046265,0.12965768575668335,0.14587734639644623
270,4,5,0.22508050501346588,0.12040714919567108,0.1264442354440689,0.18744325637817383,0.3406248092651367
164,3,4,0.07497145980596542,0.23783430457115173,0.21508954465389252,0.2459796667098999,0.22612498700618744
323,5,1,0.2806544899940491,0.1836903691291809,0.18505379557609558,0.14605537056922913,0.2045460045337677
589,2,1,0.23770859837532043,0.23617678880691528,0.17998512089252472,0.16644354164600372,0.17968593537807465
422,1,4,0.22184501588344574,0.16801069676876068,0.15766768157482147,0.2335118055343628,0.2189648449420929
229,5,1,0.2910875976085663,0.1714124232530594,0.18730470538139343,0.14335331320762634,0.20684194564819336
14,2,1,0.3119000792503357,0.2785985469818115,0.17719101905822754,0.11691625416278839,0.11539404839277267
349,3,2,0.12076947093009949,0.2554677128791809,0.21347826719284058,0.21448974311351776,0.1957947462797165
564,5,5,0.02554038166999817,0.0657496526837349,0.1150885745882988,0.2869667708873749,0.5066545605659485
70,2,5,0.14582425355911255,0.10190719366073608,0.1497734934091568,0.2911908030509949,0.3113042414188385
303,5,4,0.19649311900138855,0.1870354861021042,0.16436044871807098,0.22827975451946259,0.22383113205432892
382,1,1,0.2714305818080902,0.18634265661239624,0.16193358600139618,0.18183989822864532,0.19845324754714966
539,1,1,0.25348925590515137,0.16619738936424255,0.15433114767074585,0.2014460414648056,0.22453615069389343
288,1,2,0.2534247040748596,0.32046863436698914,0.1663132905960083,0.12012709677219391,0.13966631889343262
482,4,5,0.21307595074176788,0.11433572322130203,0.17817804217338562,0.20586787164211273,0.28854233026504517
179,2,2,0.2266802042722702,0.23235797882080078,0.14189748466014862,0.19617995619773865,0.20288439095020294
133,1,1,0.46904468536376953,0.13886278867721558,0.10481930524110794,0.10618635267019272,0.18108685314655304
191,2,5,0.21296964585781097,0.09555930644273758,0.18070019781589508,0.19875194132328033,0.31201890110969543
304,2,4,0.1581457257270813,0.21184618771076202,0.1729631870985031,0.23359251022338867,0.2234523743391037
78,4,5,0.04290499910712242,0.10894659906625748,0.14764922857284546,0.2679450213909149,0.4325541853904724
122,5,5,0.2326878011226654,0.1312101036310196,0.12935221195220947,0.18478988111019135,0.3219599723815918
36,3,2,0.2604585289955139,0.31282398104667664,0.16693510115146637,0.13087645173072815,0.12890580296516418
208,5,2,0.28628066182136536,0.38519811630249023,0.18841952085494995,0.08183398097753525,0.05826776102185249
333,3,5,0.2736503779888153,0.12182476371526718,0.11690059304237366,0.16419416666030884,0.3234300911426544
154,1,2,0.10184000432491302,0.24805893003940582,0.23524294793605804,0.20730853080749512,0.2075495570898056
310,3,2,0.15029475092887878,0.5518794059753418,0.08974597603082657,0.10105127841234207,0.10702848434448242
594,2,1,0.2949367165565491,0.14102984964847565,0.12730590999126434,0.16133718192577362,0.2753903865814209
61,3,2,0.2466694861650467,0.30970099568367004,0.16465622186660767,0.13284419476985931,0.14612910151481628
463,2,1,0.4274914264678955,0.2756878733634949,0.14447122812271118,0.08613225072622299,0.06621722877025604
494,4,5,0.02860286459326744,0.10385604202747345,0.14759807288646698,0.2749890983104706,0.44495394825935364
302,2,1,0.2650023400783539,0.17348726093769073,0.14414379000663757,0.17906694114208221,0.2382996380329132
170,4,5,0.13082490861415863,0.22686585783958435,0.1990218609571457,0.19331277906894684,0.2499745786190033
5,4,5,0.08085297793149948,0.12801294028759003,0.1829332560300827,0.21899092197418213,0.3892098367214203
375,4,5,0.056500181555747986,0.1350281536579132,0.17095406353473663,0.237598717212677,0.39991888403892517
499,2,2,0.21291252970695496,0.3344540297985077,0.17770911753177643,0.13038413226604462,0.1445401906967163
6,4,1,0.30805346369743347,0.1992795765399933,0.1683846265077591,0.16042719781398773,0.16385518014431
194,5,2,0.21671472489833832,0.3281625807285309,0.16453160345554352,0.14853009581565857,0.1420609951019287
477,2,2,0.09471073001623154,0.2683400809764862,0.20008766651153564,0.2181311696767807,0.2187303900718689
546,1,1,0.2894270420074463,0.1765761375427246,0.14101769030094147,0.21328262984752655,0.17969654500484467
120,1,2,0.30012452602386475,0.3467852473258972,0.20180492103099823,0.08350250869989395,0.06778281927108765
73,2,2,0.29097315669059753,0.3673646152019501,0.18761807680130005,0.08297848701477051,0.07106563448905945
275,1,1,0.27458271384239197,0.25302648544311523,0.16816791892051697,0.13051588833332062,0.17370709776878357
169,3,5,0.06228170171380043,0.1358507126569748,0.17638252675533295,0.24156887829303741,0.3839161694049835
378,5,5,0.03053411655128002,0.07354778051376343,0.11147870123386383,0.27177461981773376,0.5126647353172302
107,4,5,0.15491440892219543,0.125179260969162,0.16032058000564575,0.23247560858726501,0.32711005210876465
284,2,2,0.29370057582855225,0.3247922956943512,0.15205274522304535,0.1318715363740921,0.09758288413286209
325,2,1,0.4381462633609772,0.2851872742176056,0.1303456425666809,0.08239131420850754,0.06392953544855118
397,2,5,0.03778040409088135,0.08810359239578247,0.1466846615076065,0.3077353239059448,0.41969603300094604
531,2,2,0.22056758403778076,0.3309405446052551,0.19483067095279694,0.1412774920463562,0.11238373816013336
341,1,1,0.43285036087036133,0.22040429711341858,0.14206553995609283,0.10660503804683685,0.09807482361793518
116,2,1,0.26611432433128357,0.2639888823032379,0.16955558955669403,0.12723304331302643,0.17310817539691925
83,3,5,0.10677948594093323,0.1305626630783081,0.1660078763961792,0.21294420957565308,0.3837057948112488
373,4,1,0.26415836811065674,0.2039560079574585,0.18382816016674042,0.14605721831321716,0.20200024545192719
380,5,5,0.29127034544944763,0.1396932303905487,0.11842126399278641,0.1554407924413681,0.29517436027526855
364,5,1,0.32670629024505615,0.21423843502998352,0.18990913033485413,0.13242511451244354,0.13672102987766266
575,1,5,0.2274225801229477,0.13312329351902008,0.16612091660499573,0.21318329870700836,0.2601499557495117
71,1,2,0.2601235806941986,0.329349160194397,0.15814825892448425,0.11706387996673584,0.1353151798248291
