,year,title_char_count,title_word_count,author_count,has_authors,doi_char_count,has_doi,venue_iclp,venue_kr
year,6.1355252513579055,10.571917254131517,1.1229169074309497,1.1581763550213786,0.10981162602565589,-2.4716167803074076,0.0,-0.5277476019877498,0.5277476019877498
title_char_count,10.571917254131517,1048.3432181517003,133.41770484225123,5.8027427867021055,0.5264609576640088,1.4086135829577473,0.0,0.3157979891367155,-0.3157979891367155
title_word_count,1.1229169074309497,133.41770484225123,18.628545013290175,0.6711660695712471,0.032196925921645664,0.7341731191494274,0.0,0.13350283138795777,-0.13350283138795777
author_count,1.1581763550213786,5.8027427867021055,0.6711660695712471,3.3860356716360416,0.24899264224353776,-1.8961323625717474,0.0,-0.28078123194267884,0.28078123194267884
has_authors,0.10981162602565589,0.5264609576640088,0.032196925921645664,0.24899264224353776,0.09174467429407925,-0.4256404329904854,0.0,-0.02306714434300243,0.02306714434300243
doi_char_count,-2.4716167803074076,1.4086135829577473,0.7341731191494274,-1.8961323625717474,-0.4256404329904854,16.381482337532255,0.0,0.7664624985554152,-0.7664624985554152
has_doi,0.0,0.0,0.0,0.0,0.0,0.0,0.0,0.0,0.0
venue_iclp,-0.5277476019877498,0.3157979891367155,0.13350283138795777,-0.28078123194267884,-0.02306714434300243,0.7664624985554152,0.0,0.22521668785392335,-0.22521668785392335
venue_kr,0.5277476019877498,-0.3157979891367155,-0.13350283138795777,0.28078123194267884,0.02306714434300243,-0.7664624985554152,0.0,-0.22521668785392335,0.22521668785392335
