candidate_key,candidate_group,variant_name,encoder_model,phase4_weight,modernbert_weight,logreg_c,cv_macro_f1,cv_std,fold_scores,official_run_id
phase4_modernbert_structured_c2_0_w0_56,lexical_semantic_blend,structured,nomic-ai/modernbert-embed-base,0.43999999999999995,0.56,2.0,0.3551911624359369,0.03247755115214715,"[0.361422, 0.413063, 0.352333, 0.325645, 0.323492]",exp_m1_019
phase4_modernbert_structured_c3_5_w0_55,lexical_semantic_blend,structured,nomic-ai/modernbert-embed-base,0.44999999999999996,0.55,3.5,0.354019711350137,0.041322341784506146,"[0.361496, 0.431327, 0.333031, 0.31825, 0.325995]",exp_m1_020
phase4_modernbert_structured_c3_5_w0_56,lexical_semantic_blend,structured,nomic-ai/modernbert-embed-base,0.43999999999999995,0.56,3.5,0.35304701892162293,0.03952606986823744,"[0.353004, 0.427841, 0.342387, 0.316008, 0.325995]",
phase4_modernbert_structured_c3_0_w0_55,lexical_semantic_blend,structured,nomic-ai/modernbert-embed-base,0.44999999999999996,0.55,3.0,0.35189536308084685,0.0391895187490162,"[0.368388, 0.420907, 0.334071, 0.322335, 0.313777]",
phase4_modernbert_structured_c3_5_w0_54,lexical_semantic_blend,structured,nomic-ai/modernbert-embed-base,0.45999999999999996,0.54,3.5,0.35157846647835395,0.04322527384915019,"[0.361508, 0.431327, 0.333031, 0.31825, 0.313777]",
phase4_modernbert_structured_c3_0_w0_56,lexical_semantic_blend,structured,nomic-ai/modernbert-embed-base,0.43999999999999995,0.56,3.0,0.35137083814897246,0.04421367800295634,"[0.368388, 0.429896, 0.333031, 0.311763, 0.313777]",
phase4_modernbert_structured_c1_5_w0_6,lexical_semantic_blend,structured,nomic-ai/modernbert-embed-base,0.4,0.6,1.5,0.35127180327171326,0.0424555569722648,"[0.361422, 0.425039, 0.342063, 0.29671, 0.331125]",
phase4_modernbert_structured_c2_5_w0_58,lexical_semantic_blend,structured,nomic-ai/modernbert-embed-base,0.42000000000000004,0.58,2.5,0.35113754930592755,0.044290613764606045,"[0.368388, 0.429846, 0.331914, 0.311763, 0.313777]",
phase4_modernbert_structured_c2_0_w0_55,lexical_semantic_blend,structured,nomic-ai/modernbert-embed-base,0.44999999999999996,0.55,2.0,0.35105139877584246,0.03486394736289767,"[0.361422, 0.413063, 0.342063, 0.315216, 0.323492]",
phase4_modernbert_structured_c3_5_w0_52,lexical_semantic_blend,structured,nomic-ai/modernbert-embed-base,0.48,0.52,3.5,0.3509372265422023,0.0366237193194471,"[0.346158, 0.420907, 0.334256, 0.339589, 0.313777]",
phase4_modernbert_structured_c2_0_w0_54,lexical_semantic_blend,structured,nomic-ai/modernbert-embed-base,0.45999999999999996,0.54,2.0,0.3508797124647801,0.039277685706955466,"[0.346839, 0.425806, 0.343044, 0.315216, 0.323492]",
phase4_modernbert_structured_c3_5_w0_5,lexical_semantic_blend,structured,nomic-ai/modernbert-embed-base,0.5,0.5,3.5,0.3508644113124422,0.03715091544364266,"[0.3531, 0.420907, 0.334256, 0.332104, 0.313956]",
phase4_modernbert_structured_c3_0_w0_52,lexical_semantic_blend,structured,nomic-ai/modernbert-embed-base,0.48,0.52,3.0,0.3507652411892879,0.03723749274068068,"[0.35316, 0.420967, 0.334256, 0.331488, 0.313956]",
phase4_modernbert_structured_c2_5_w0_52,lexical_semantic_blend,structured,nomic-ai/modernbert-embed-base,0.48,0.52,2.5,0.34907909714316354,0.03558805200370904,"[0.361422, 0.413063, 0.332202, 0.315216, 0.323492]",
phase4_modernbert_structured_c3_0_w0_54,lexical_semantic_blend,structured,nomic-ai/modernbert-embed-base,0.45999999999999996,0.54,3.0,0.3490217573966209,0.03837451228463709,"[0.353835, 0.420907, 0.334256, 0.322335, 0.313777]",
phase4_modernbert_structured_c3_0_w0_58,lexical_semantic_blend,structured,nomic-ai/modernbert-embed-base,0.42000000000000004,0.58,3.0,0.34844155068837096,0.04180481030144391,"[0.368388, 0.418252, 0.3412, 0.309442, 0.304927]",
phase4_modernbert_structured_c2_5_w0_54,lexical_semantic_blend,structured,nomic-ai/modernbert-embed-base,0.45999999999999996,0.54,2.5,0.34797591853445475,0.034975816696787065,"[0.35316, 0.413063, 0.334256, 0.325445, 0.313956]",
phase4_modernbert_structured_c2_5_w0_55,lexical_semantic_blend,structured,nomic-ai/modernbert-embed-base,0.44999999999999996,0.55,2.5,0.34794017428818413,0.03501064008872869,"[0.35316, 0.413063, 0.334256, 0.325445, 0.313777]",
phase4_modernbert_structured_c1_5_w0_58,lexical_semantic_blend,structured,nomic-ai/modernbert-embed-base,0.42000000000000004,0.58,1.5,0.34748065640472414,0.036604876552089625,"[0.346149, 0.417963, 0.32695, 0.315216, 0.331125]",
phase4_modernbert_structured_c2_0_w0_52,lexical_semantic_blend,structured,nomic-ai/modernbert-embed-base,0.48,0.52,2.0,0.34744314716123775,0.037036242539980786,"[0.346149, 0.416134, 0.343702, 0.308604, 0.322627]",
phase4_modernbert_structured_c3_0_w0_5,lexical_semantic_blend,structured,nomic-ai/modernbert-embed-base,0.5,0.5,3.0,0.3472513338382571,0.034872884683919664,"[0.3531, 0.413063, 0.324197, 0.321863, 0.324033]",
phase4_modernbert_structured_c2_5_w0_56,lexical_semantic_blend,structured,nomic-ai/modernbert-embed-base,0.43999999999999995,0.56,2.5,0.3471993815865349,0.03956717812477698,"[0.35316, 0.420967, 0.333031, 0.315062, 0.313777]",
phase4_modernbert_structured_c2_5_w0_6,lexical_semantic_blend,structured,nomic-ai/modernbert-embed-base,0.4,0.6,2.5,0.3464854783203029,0.04283819679871175,"[0.368388, 0.416526, 0.341217, 0.30137, 0.304927]",
phase4_modernbert_structured_c2_5_w0_5,lexical_semantic_blend,structured,nomic-ai/modernbert-embed-base,0.5,0.5,2.5,0.3464490460604335,0.034935522707487995,"[0.345922, 0.413063, 0.335417, 0.315216, 0.322627]",
phase4_modernbert_structured_c1_5_w0_56,lexical_semantic_blend,structured,nomic-ai/modernbert-embed-base,0.43999999999999995,0.56,1.5,0.3464397458204506,0.03485020095337688,"[0.356468, 0.409133, 0.328071, 0.308604, 0.329924]",
phase4_modernbert_structured_c3_5_w0_58,lexical_semantic_blend,structured,nomic-ai/modernbert-embed-base,0.42000000000000004,0.58,3.5,0.3457673142688492,0.04479925598503071,"[0.34799, 0.427841, 0.339958, 0.316008, 0.297039]",
phase4_modernbert_structured_c2_0_w0_58,lexical_semantic_blend,structured,nomic-ai/modernbert-embed-base,0.42000000000000004,0.58,2.0,0.34561866674900515,0.036638028649736545,"[0.35316, 0.413063, 0.333031, 0.315062, 0.313777]",
phase4_modernbert_structured_c2_0_w0_6,lexical_semantic_blend,structured,nomic-ai/modernbert-embed-base,0.4,0.6,2.0,0.3455108575478458,0.045198468157565244,"[0.368388, 0.420967, 0.331868, 0.292555, 0.313777]",
phase4_modernbert_structured_c3_0_w0_6,lexical_semantic_blend,structured,nomic-ai/modernbert-embed-base,0.4,0.6,3.0,0.3445537666598214,0.0451717443378915,"[0.363777, 0.419639, 0.339975, 0.291075, 0.308303]",
phase4_modernbert_structured_c1_5_w0_55,lexical_semantic_blend,structured,nomic-ai/modernbert-embed-base,0.44999999999999996,0.55,1.5,0.3434930560180766,0.03080144216055269,"[0.356468, 0.396944, 0.329087, 0.308604, 0.326362]",
modernbert_structured_c8_0,standalone_encoder,structured,nomic-ai/modernbert-embed-base,0.0,1.0,8.0,0.3433580942633562,0.06062553538608997,"[0.320943, 0.423625, 0.382422, 0.345938, 0.243862]",exp_m1_018
phase4_modernbert_structured_c1_5_w0_54,lexical_semantic_blend,structured,nomic-ai/modernbert-embed-base,0.45999999999999996,0.54,1.5,0.3416468855928424,0.029532758326197294,"[0.362915, 0.388766, 0.310369, 0.326366, 0.319817]",
phase4_modernbert_structured_c1_5_w0_52,lexical_semantic_blend,structured,nomic-ai/modernbert-embed-base,0.48,0.52,1.5,0.3399846661501018,0.027056252511725554,"[0.36217, 0.381201, 0.310369, 0.326366, 0.319817]",
modernbert_structured_c16_0,standalone_encoder,structured,nomic-ai/modernbert-embed-base,0.0,1.0,16.0,0.3390383831619773,0.06101935862252174,"[0.333529, 0.420993, 0.368676, 0.33779, 0.234205]",
phase4_modernbert_structured_c2_0_w0_5,lexical_semantic_blend,structured,nomic-ai/modernbert-embed-base,0.5,0.5,2.0,0.3378575379617984,0.031647511552195945,"[0.345229, 0.396327, 0.309456, 0.315449, 0.322827]",
phase4_reference_text_only_ensemble,phase4_reference,title_only,,1.0,0.0,0.0,0.3376286824210063,0.024355003710397168,"[0.37116, 0.357089, 0.301315, 0.32771, 0.330869]",
phase4_modernbert_structured_c1_5_w0_5,lexical_semantic_blend,structured,nomic-ai/modernbert-embed-base,0.5,0.5,1.5,0.3356509561502553,0.03101768751429688,"[0.35594, 0.378326, 0.28589, 0.326366, 0.331732]",
phase4_modernbert_structured_c3_5_w0_6,lexical_semantic_blend,structured,nomic-ai/modernbert-embed-base,0.4,0.6,3.5,0.33376366997559304,0.04643052809624891,"[0.319861, 0.419639, 0.341051, 0.291228, 0.297039]",
modernbert_structured_c4_0,standalone_encoder,structured,nomic-ai/modernbert-embed-base,0.0,1.0,4.0,0.3325814102083111,0.0499664372492858,"[0.313999, 0.406277, 0.340952, 0.34891, 0.252768]",
modernbert_title_only_c1_0,standalone_encoder,title_only,nomic-ai/modernbert-embed-base,0.0,1.0,1.0,0.3288701083890727,0.053246152753483725,"[0.361464, 0.387206, 0.316014, 0.346831, 0.232836]",exp_m1_017
modernbert_structured_c2_0,standalone_encoder,structured,nomic-ai/modernbert-embed-base,0.0,1.0,2.0,0.32724292293954094,0.04478618643084957,"[0.331748, 0.381451, 0.34834, 0.328812, 0.245863]",
modernbert_title_only_c2_0,standalone_encoder,title_only,nomic-ai/modernbert-embed-base,0.0,1.0,2.0,0.3250247634996798,0.05607331781790277,"[0.298997, 0.408506, 0.316444, 0.358926, 0.24225]",
modernbert_structured_c1_0,standalone_encoder,structured,nomic-ai/modernbert-embed-base,0.0,1.0,1.0,0.3217155779531578,0.03928490156601347,"[0.329742, 0.376408, 0.336431, 0.309889, 0.256108]",
modernbert_title_only_c16_0,standalone_encoder,title_only,nomic-ai/modernbert-embed-base,0.0,1.0,16.0,0.31365878834396754,0.05316013814542631,"[0.302881, 0.389934, 0.305772, 0.341749, 0.227958]",
modernbert_title_only_c4_0,standalone_encoder,title_only,nomic-ai/modernbert-embed-base,0.0,1.0,4.0,0.312931654647988,0.05569459161307466,"[0.294613, 0.399961, 0.315884, 0.327216, 0.226984]",
modernbert_title_only_c8_0,standalone_encoder,title_only,nomic-ai/modernbert-embed-base,0.0,1.0,8.0,0.30871516161149964,0.05771430994886209,"[0.279338, 0.408599, 0.303976, 0.318432, 0.23323]",
