metadata_svd_1,metadata_svd_2,Label
-2.593589927469104,0.5778495518932802,1
-0.9254975081426325,2.662519561572666,5
-2.638651857167484,-4.565479749472312,1
3.8615525334169076,-0.3329444082718176,5
3.6502520897798187,-0.4341504967286864,1
3.2952989223579108,-0.4484076569818313,3
-2.8932088240280245,-3.953453784140514,2
-1.0996032436702363,0.5407439008267774,4
3.47360599198788,-0.4707135048561851,1
-2.9362593643878863,-2.4929535791818007,1
-2.1011282308847323,-4.107819783732732,5
3.2755999143956864,-0.457386714768755,4
-2.7010033185298163,-4.089846338988182,1
-2.901595242140794,-1.102020689478511,1
-2.3681285702679076,-2.545775266786557,3
3.887979078893452,-0.3915480156622811,5
-1.8813096785305545,-2.555880317760343,4
3.447298845643864,-0.4392011876124086,4
3.2559626239852824,-0.46319795995483143,4
3.670216311758326,-0.3569411806142404,3
-2.586744677875448,-0.13293252037245443,3
-0.8533435591740232,2.7083315035293216,5
2.60140775439054,-0.8453732545758966,3
3.5660770844786693,-0.35036035596328796,5
3.812612909531939,-0.4041485573247924,2
3.6460591240006357,-0.4170703384727716,1
-0.8122613841895452,2.6946682233836152,1
-0.4416870905279872,-0.6405676173195071,3
-1.0916388223869613,-0.6264852927148297,2
-0.9648560790662568,-1.074732280890157,1
-2.3264434605010034,-2.038563169788604,5
-2.056231026657433,2.621853739011039,4
3.3886727333491593,-0.2802763503365048,5
-1.6054174569970485,2.634377736323336,4
-2.165892503620515,2.462776088041206,2
-2.325516705639464,0.2596735163205328,3
-0.9480951078110692,2.6643175076486605,4
3.7419799582553703,-0.42395907487311313,1
0.035558038763270815,0.5415278677973645,4
3.8135316836207176,-0.3329966974299145,4
-1.4979229108089809,2.730653774702641,1
-1.976755625059086,2.5842806199213877,5
-1.8670210966423282,1.1249498818881263,2
2.86979759540757,-0.13594184544259397,1
-1.3864595169566942,2.678120930258461,3
3.6998038565385283,-0.33448480122752805,5
-3.7062634529866636,-4.138424111199462,5
-3.097460137535059,-3.950503549891322,4
-2.9862625790854724,1.3560487574778706,1
3.816812428059045,-0.45998657213684274,2
-1.0957658036965472,2.6217493324596903,5
3.3366153692333453,-0.5254529249202955,2
-0.7257028341260912,0.7515654101276412,3
-2.3380386413593315,-2.0606983413155886,4
-1.8995348287396234,2.486661902318617,5
-0.929400314725181,2.687435907896684,4
3.3692953325147914,-0.41429869974189887,4
-3.500876506636727,-3.8194181130559373,3
-1.0862885741129829,-0.5805935202875225,2
-2.089112851803045,-1.9973513148963509,5
-2.0325208730290396,2.496310290247809,2
-1.723826025290226,-2.419311083521849,5
-1.4906139289973732,2.625834413985716,5
3.4669639790010747,-0.4688951113562627,1
-2.524566205838285,-2.8616848048013837,1
-1.618688445808348,2.61234441415963,5
-1.0772407224552167,2.64568611488655,5
1.392334519281407,-2.3700319392840967,3
-2.3532804568715244,-2.5495071131921287,1
-2.4999833840973293,-4.03801188353293,1
3.324083662285024,-0.35879755255946805,1
-2.0674298271000864,2.6011091936582065,4
-1.8207686868444213,2.67434559894828,4
-1.4076078854722327,0.6205525412992445,4
-1.2005050411085052,2.773721341585627,2
3.4101940722749107,-0.46960658004676387,2
-0.8409907619848049,2.680496713030701,3
-0.8510395771355861,2.5840201851490985,1
0.6751027635563577,-2.288822502188731,1
0.48460076752288606,0.26174687976275435,2
3.6750279731591733,-0.38431764897810733,3
3.4288379562765603,-0.39833157670635916,4
-1.6032866860729675,-2.445760869413257,4
-2.024152804845919,2.5541450703982562,3
3.8540738720185366,-0.23702758342258026,1
-2.1172664174519222,2.532515719083148,4
3.5254599409235547,-0.40853046901539236,3
3.7333711459330763,-0.4220900036042151,1
-2.855375930059452,-2.1432065169283687,4
-2.4896439378051776,-2.1673028862930854,2
-1.5710774040605056,2.660720569102662,1
-2.0982290393228182,2.561545438283907,2
-1.0350213135304507,2.6823330088330746,5
-1.676639249621269,2.624354748282572,5
-1.8227281203688313,2.8045091508662643,5
-1.0311478864181014,2.730606796594692,3
3.774636326342203,-0.37051229849125783,3
-2.4345915464243286,-3.9166567083880652,5
-2.009252638159594,-4.179571238310593,1
-3.018732746332731,-4.102299481740577,5
-0.8157859279725299,2.6747207070366064,5
-0.8420340078754003,-0.20800266049412794,2
-1.1769437705729338,0.5670208115636455,1
3.497865122881973,-0.392419357570086,5
3.7902815861928576,-0.3672878659599545,1
-2.2702204302268654,-3.959540747655229,4
3.200094052562747,-0.5198338264049709,3
-1.0891237907097422,2.6199309389597683,5
-3.8111640648932448,-4.100967817977096,1
3.832289642879983,-0.3769145426167788,5
-0.9866052998045182,2.6206225555957503,4
-2.412883715479832,-2.759743374136774,3
-1.274072873326517,2.6440551803340444,2
-1.8480815383022606,2.572064863306776,1
-1.0405121518570912,2.580775206572154,1
-1.837779087862642,2.5018600430115963,1
-0.3009747828622302,-0.8302267893253227,1
-2.204678323992391,-2.147377426608089,5
4.091996033485702,-0.4294123065701228,2
3.8705637133448603,-0.416158891447735,4
-1.3660415593617923,2.469755060466472,3
3.5395388425198964,-0.25190194263342003,2
-0.9634031404905556,2.693746623047991,2
-2.0705549048667065,2.430102206740287,4
-3.2846614268660392,-3.7486326153295453,2
-1.391153532800581,2.5796174066934143,5
3.5201372929765484,-0.3980171271784431,1
3.827153327235858,-0.3280243192946631,1
-0.9193323095490007,2.6350608302615357,5
-2.2462051101556657,-4.009436982438758,4
-1.2465259658739523,2.8042096770734224,2
3.249059705395274,-0.48561830969899616,2
3.2438456319205478,-0.53381061796999,3
-1.7037815271432406,2.5663286959251455,5
1.1883343160728574,-0.573873763612439,2
-0.15046591449026903,-3.862505516840628,2
-2.0580573658798555,2.452182536302429,4
-1.2089574257579887,-0.3433039362757326,3
-1.6267395498287565,2.5788273882243784,2
-1.6960816150163078,2.5812713326761987,5
-1.0626804964550305,2.6383342640811813,5
3.4271119010802455,-0.4579847503567284,1
3.5449642035888926,-0.45652351472214053,2
3.7283810336996224,-0.41196612428517493,2
-2.449941071101231,-4.087203903054741,3
-1.3469525523180617,0.6187357873300736,4
-1.9986708309623817,-1.8698687874307167,2
3.2648052492720363,-0.37237584810945346,1
-0.967841501750936,2.6468530296115347,1
3.4146324335352913,-0.42271298661030815,2
-0.939042620753769,-0.7335587493216443,2
-1.0691977517493267,2.614475758460001,1
-1.1339364928620688,0.7562192336041635,2
3.745933718390377,-0.34011783574763244,3
-0.9859898479514534,2.766395915495727,2
3.5317324738348765,-0.37588195565145843,1
-1.84977406914111,2.5577472888362043,4
-0.9528422452412582,2.671255056300803,3
3.4151100300654007,-0.5310781471970556,1
3.56608375281493,-0.4690559588569799,4
-1.7998551168750725,-2.4976909850833326,5
-2.460992119095661,-0.9455414886901544,1
3.7535858677118976,-0.41774213027926954,2
3.6745598665711015,-0.4086126562846611,1
3.4205148828429093,-0.3061141766029302,3
3.8058098936605993,-0.35611570819630717,3
0.493276497225148,-2.2663027706514924,1
-0.8157859279725299,2.6747207070366064,1
-1.0800869956858836,-3.0227670411037857,4
-1.2956950933435953,-1.2414189143213008,5
-2.5528147199775617,-4.147974141532341,1
3.599804238737176,-0.5052629813547105,2
-1.0071221496311107,2.6507239346941835,1
3.4032981582801662,-0.4206094148932058,4
-0.6355984079089259,2.8906123143236653,3
-1.1135456124281982,2.778188013447966,5
3.1112110452437114,-0.38608526433345347,5
-3.267681061301953,-2.2108242639699824,5
-1.3920790494506838,-0.38687282920865307,3
-2.1018890258673784,0.5588526455552233,2
3.5108630964877556,-0.35736371906979975,2
-2.3606921679070227,-3.663920972904259,4
-0.5226827839132416,-0.16698423229724899,4
3.3779298277825016,-0.2721978320203796,1
-1.363208818158717,-1.2437407594318657,4
-2.2900603133082553,-3.072630016602734,1
3.4614303100042165,-0.418634878645314,5
3.6438394579712456,-0.23838177036375038,1
-0.945297708933195,2.668322785298433,4
-2.203652212433102,-3.6905242946512997,1
-3.6999121883988386,-4.182719476327387,5
-1.2142036932351967,-2.9047392391539018,3
-1.6236774465273038,0.5272816819391777,1
-1.68717680380715,-0.9235158960346678,1
-0.8400725703627238,2.7303648256930275,2
-2.318605773733475,-1.975653828093732,4
-1.4926965419202534,-1.9538068845473744,2
-1.9518316834474108,-1.274926186570798,4
1.1195224287523686,0.9577884772498738,3
-2.2654287399844604,-4.038871384417336,1
3.560631554173372,-0.390301927399476,2
-1.944091925737021,2.5249422503589005,1
-2.007294571477116,-0.5126213351798917,1
-1.363688316092084,2.569815564165693,3
-1.9300906107945552,-1.9928157859294506,5
-1.621802921190101,-2.470057425741065,3
-1.6947127328942528,2.542513096818257,1
-1.099414443552054,2.718989483653219,5
-2.3197859022896052,-0.8029924102263829,1
3.3188348627249193,-0.4200660009157569,2
-0.8705837114882943,2.762060118957712,2
-1.9424166821584081,-2.540351858766598,2
-1.1023255926241164,-0.6740690410134857,4
3.5759588191991867,-0.4457572196836449,1
3.860905246042707,-0.41415716909391126,1
3.47360599198788,-0.4707135048561851,2
-1.4527769964703845,2.5922066425991215,4
-0.9859898479514534,2.766395915495727,2
-0.6190325594106914,-0.37730621167742634,4
1.1572786067579985,-0.39236808435767556,3
-1.947809681997023,2.7806609602841323,5
-0.8920731647732597,2.84037411829833,4
-1.352766927268172,2.646311028254326,3
-3.177598800744054,1.332051985135448,1
-3.898825060221241,-4.067414632296575,3
-2.0289722163355495,-4.029333923972788,3
3.4844191291348214,-0.4485308036263371,2
-1.387770392000974,0.8833111359902845,4
-2.1244087301240144,-1.0981208740981545,1
3.6695697543376475,-0.3984887769656209,4
-1.322942208210567,2.6783534600288896,3
-0.9942007583332068,-4.3090470315398175,1
3.6967400687462093,-0.2205962538282884,3
0.10865101252443868,-1.4473712853052059,5
-2.0404367233409193,-3.257868810385376,3
3.579052868728166,-0.44558957328442195,1
-3.466246629792554,-1.9010158598137303,4
-0.17745113047975467,1.0547708095981037,1
3.621060925415291,-0.45521624994124626,1
-2.0441978246468397,2.4128659108061212,1
-2.163691390452696,-4.034686110977408,5
3.463721032832309,-0.4831184573599691,2
3.3280971581312344,-0.2849354879579168,1
-1.199470606109908,-1.2842504603735971,5
3.659910557081972,-0.4361522190825102,1
-1.460999218723213,2.6953110987673257,1
-3.484218641904438,-3.796384346440482,3
-1.5714146312316737,2.6280670211720287,1
-1.497911069998645,-2.555656430719131,2
-1.6481223745155607,2.6039570085830244,4
3.588235443299634,-0.47358738066575257,4
-1.0390947734230653,2.7921900452115964,3
-2.7613954551351525,-4.024713458143658,4
-1.3889417182214243,0.8613213972451307,4
-1.6863228174021418,2.50367027887853,5
3.5016567783260073,-0.23418900320119027,5
-2.6245813104043694,-4.0004109722636505,3
-2.9954488278005633,-2.58092979187474,4
-0.8854096713832231,2.7387791125614367,1
-1.3412857640259168,2.6594578629849632,5
3.6438394579712456,-0.23838177036375038,1
3.1776763636339607,-0.4214529623427234,4
3.5626445892975114,-0.3577502288321213,3
3.6534831806988275,-0.4189362616755573,4
3.4904410661837812,-0.3905534343673003,1
3.7432405373141915,-0.3401054292044538,5
-1.828881487441261,-3.6074916718846226,1
3.4603219660142703,-0.4670767178563404,2
3.5201000828955156,-0.48344225935564183,3
3.6162572444249723,-0.39693663115539723,2
-1.1824633581912187,2.7940500020384054,4
-1.8308204445137268,-1.0618654083943733,5
3.560631554173372,-0.390301927399476,5
3.7256867038125576,-0.3861330561403784,2
-1.4281855342048624,2.684828505093561,2
3.7128756342843614,-0.4338636472978429,3
3.764844031171703,-0.4469251097173428,1
0.07928659308847909,-1.6230713740011857,4
-3.313279185609904,-3.9916080805867336,1
3.6484189653953294,-0.3701192773097882,3
-0.23777874217752282,-2.366624962513994,5
-1.8974605082027658,-3.572396734998194,4
3.774636326342203,-0.37051229849125783,4
-1.129772862167497,2.638319012952414,3
-3.5316293732122084,-3.671872150185159,4
-0.9639256589149194,2.7675323486459487,1
-0.6095190882482268,2.854938550406423,3
-2.58742822464678,-2.550740234292891,2
-0.9586133207087547,2.7074514076698093,2
-0.45893876727865185,0.09372425887395391,3
-1.274072873326517,2.6440551803340444,4
-2.981134027220481,-2.5979472136161283,1
-0.8592521388717942,0.6775271399474003,4
-1.6051565513938453,2.658616479567423,1
-0.8261312583702358,2.7523574081114224,3
-1.160740561979321,2.615590823044944,1
3.3806296077699165,-0.41640227145900116,2
0.3809810924034358,-0.20000772124849547,3
-1.4954924640836544,-2.3897835891531853,4
-1.0198254087602832,2.699649500479319,4
3.7703890903867476,-0.42159280094199925,3
-1.687238989729554,2.6720934445215767,2
3.636798684058282,-0.5149406405946386,5
-1.884326295290905,-2.510258844127763,5
0.19036812130230246,-2.2798082919454696,1
3.3043803912867817,-0.42611971140992894,1
-1.0594326567578545,2.7305554316461875,1
-2.2487378382223544,-2.3936316937395343,5
3.865896088229683,-0.3846158839422383,2
-3.4851222254491017,-3.215357602611994,5
-1.5438816358788099,0.1309404355196974,3
-0.9163550870166257,2.737981701190213,1
-2.787188090613875,-2.749902138671173,3
-1.53157435090815,2.588302935774224,5
-1.265671261989092,2.6421298450026796,2
-2.1191383583343186,2.5568840887895896,3
-1.6444093092815908,-2.350651210500763,5
3.4213230924192857,-0.47728768695230434,3
3.5379308061399284,-0.2891469537794689,3
3.4813228058103265,-0.3643299436632692,4
-0.8977875690511609,2.643927711302191,1
-0.7383792573678395,2.6002862673040537,2
3.7256346506600275,-0.3442598367580355,3
-1.8657714122933795,0.6775285795716759,2
-1.6680484134759759,2.6094121890827915,5
3.5466681348427356,-0.49071583335533137,1
-2.8271220641963364,-3.7689798980286415,1
-0.9715158398674028,-1.6504149591342911,1
-2.0787641023552115,2.603212765375309,3
-0.4456020937408749,-2.4352994753635007,3
-1.673894599063409,-0.7783724605166522,2
-3.5539495672394366,-4.0181140983342605,5
-1.2776910078574184,2.6797785538089385,1
-2.0303362910319724,2.5703560365362557,5
3.7046155179393754,-0.3618612695913949,1
3.8199734273627026,-0.3789265853596671,1
-1.1640420436364245,2.738762356153459,4
-1.5242203743470732,2.6335357553111756,1
-1.9275308201989225,2.543946178089223,5
3.692812437475809,-0.4337385102420992,5
-1.2217058528857991,0.724971762506402,1
3.2112928530054003,-0.4990892810521387,1
3.704049457936938,-0.3721544316332346,5
-2.4014555039372434,-2.579748722666339,2
-1.8196822126224517,-0.5735326726578102,4
3.287438116240119,-0.5122742635920107,1
-2.0175810808600323,2.4468242481505134,3
-3.0016972928100656,-3.9662266756711686,1
-1.3058459276637833,2.5359621042417695,1
3.5616782160126603,-0.4346994467048067,1
-2.847995708250642,-1.816539500917173,4
-0.759039466436252,-0.6944527551849847,5
-1.1278159945189803,2.7973777742189636,3
-2.0303362910319724,2.5703560365362557,5
-1.2337120204527483,2.536026640464253,5
-1.9327588583959567,2.5098330285646635,1
-0.26904853300955844,0.5286402011854934,3
3.468652824116357,-0.4946670698830922,4
3.7823915583391354,-0.3145891109956463,3
-2.8656916833804833,-2.1668341639927844,2
-2.1025154427995485,-1.8817286840024743,3
-1.656671950800265,-1.9822959785411816,4
3.695296399556329,-0.3557872964715415,2
-1.342259142814874,2.682356904736537,1
3.695296399556329,-0.3557872964715415,3
-1.905746556375299,2.597145969928423,1
3.65505725449089,-0.45912168501754624,5
-2.583633313025816,-4.169931154224861,5
-1.932348513257974,2.4971444959923814,3
3.5150335475496695,-0.4061263837751537,5
-0.9634021812796149,2.6378080898261507,3
-3.6022107338001614,-2.6663400976720464,5
-3.2322845703917564,-3.2535108753569166,1
-4.208064091257738,-4.5420377151734295,5
-0.8215876166580566,-3.5098961740513337,2
-1.71666453261648,2.5143583266697043,3
-1.13739011394477,-0.9712376357256295,4
-2.3201515725101927,-0.023431584219526055,1
-2.044078843806335,2.5596002508980233,5
3.7202996909825528,-0.43572957050062855,1
-1.2996770543257277,2.905265797700751,1
-1.5594402722782652,2.7267588797886186,3
-1.4983642859741246,2.5792109682746123,4
-1.2903617896581843,2.4167818850866407,2
-2.468726254249556,-3.6898778320479217,2
3.6302538604125862,-0.3717622853088878,5
3.378705783141791,-0.5537491972273916,2
0.6573005069325286,-0.48198335114033125,2
-1.9934334169432055,2.635218150898139,1
3.369554484542428,-0.4888486582800385,4
3.8896508753917303,-0.41880251170287724,5
-2.2390762362474064,-2.8102181215020807,1
3.668331294095211,-0.4226681080811287,2
-3.6547434105217693,-4.238899814439518,3
-1.1928999432100524,0.2948198878726409,2
-1.6224543689450401,-2.517460227651637,5
-3.756224514409789,1.0214726063164816,1
-0.8261748461116156,2.7737126968109322,5
3.8910324775707315,-0.42580878886212964,5
-1.8872924058841571,2.604361420647797,5
-2.745876143940206,-3.8625990975698876,1
3.8663641948177547,-0.36032087663568446,5
3.6782262396200713,-0.450353519513607,2
-1.6535091328837912,2.493187685204766,4
0.25829754847312647,1.029985419619423,3
-2.6365988734263275,-1.0082975638393283,2
-1.0309584186266956,2.6751637726925765,4
3.8898806479491674,-0.42016233615538257,1
3.553667416758283,-0.4141332731904488,2
-3.010660290166406,-4.027196861806875,3
0.8300773396761355,-0.7357829638867144,5
-1.24659266141542,2.6124715685359727,1
-0.9381607850801746,2.6791243452486757,4
-1.7609761517967508,2.6109671156379015,5
2.329129922627104,0.02392243651118853,5
-2.1880377287863726,-2.480086034428541,2
-2.212099946055751,2.554196922488467,1
-0.6854335527777948,-1.0353347325930895,3
3.4667412110389018,-0.3961177720060348,2
-2.001509401100294,2.6128690957082696,1
-1.3197453106971313,-1.1235660958286424,4
-1.6699159751429666,2.498428982041648,1
-2.839563227763958,-1.0444172245448187,2
-2.8093210032598566,-3.2911258432754593,2
-0.4638473473280255,-0.2560562815441347,2
-0.6499147863213228,-4.262980887414235,2
3.754662105719018,-0.3921382232018497,5
-1.4076834855029448,0.5905427731391146,2
3.4146324335352913,-0.42271298661030815,2
3.696711301906097,-0.38012788907890704,4
-2.0281877810953612,2.5800596180336757,1
-2.570576945640082,0.7376687906719148,2
-1.3335318959802347,-1.0837822100145489,3
3.3005069641744327,-0.4743934991715458,5
-1.9984343153482922,-1.281717112952017,5
-1.9238123550379271,0.28302360251062453,2
-1.8583170039776966,2.5983562535863256,5
3.246483484474273,-0.332933079526685,1
3.672627849046079,-0.35158015303733675,5
-2.0383598262191427,-4.010546894535141,2
-0.5185518512162975,-0.4032394552757824,1
-0.9777518044804551,2.7287074414222836,5
-1.2034504408755016,2.661119321781081,5
-2.411029921578823,-0.6617190607839862,3
-1.3638087957019556,2.5708819119652775,5
-1.2068599826271171,2.6286524976831256,4
1.0912913515527136,1.0006666004672993,2
3.385961326801603,-0.4940899551169207,2
-1.0994239394377239,0.5417066845348169,4
3.4202819989126243,-0.45014037965581416,4
-0.5233530205125261,-0.48534514365916365,1
3.7367826450370476,-0.4138914596165398,5
3.4866351440164913,-0.42441088463940857,4
-1.6567453166436796,2.596061635649199,4
3.7306456830002452,-0.4218555031560109,3
-1.7184594378937796,2.5995391167907873,5
3.553848034715891,-0.4398135672903274,2
-1.6657123114267511,0.16431171672793632,1
3.495036755353916,-0.4263362199707734,5
3.2996688063010486,-0.5985138499956211,2
-1.700729928327433,2.6188965814451537,3
-0.9010405015892162,2.669794729234747,5
-1.208803701687398,2.7043638634265768,2
-0.29594569328342385,-0.2555771659759925,5
-2.6052562198763383,-0.007056534068032669,1
-1.2211691748231124,2.8165641223400333,1
3.9833998019008074,-0.32175409792531395,1
-1.8299111871007039,-2.4789565457042677,4
-1.4138109929314817,2.734941486612022,2
-1.2352727400612806,-0.32018078932288635,1
-1.8486585366755433,2.596354531232502,2
-0.15056476878303277,0.539883657820487,2
-2.0206778237298186,2.568354314182432,4
-1.972204869261442,2.5326654083134343,5
3.6981522785804866,-0.4558087000133742,3
3.328763861236935,-0.5074390316980647,5
-0.973450655608197,2.848231790375944,3
-1.0002776273873828,2.5732311427285754,1
3.5417521770522455,-0.4292442662050396,3
-1.6927341136671892,2.531143967089163,2
3.8539762531280775,-0.3852373005109741,3
3.658077432697483,-0.37212099966361195,2
-1.65103532438122,-2.4427076101217513,4
-1.343105398491912,2.636728570172187,2
-1.7321657867627354,-2.405366074627199,4
-0.6359775296991674,-1.119828169371567,4
-1.5140877888833497,-2.4468417581910344,4
3.7140212339533116,-0.5137706564151827,2
-2.704597210897317,-4.070742504030567,4
3.891021040280397,-0.2247013794871329,5
3.786384103485221,-0.2542699612553548,2
0.8415526716698251,-0.14920110932649538,1
-1.0543382481347576,2.6863364535407226,1
4.031654536951339,-0.22187768455411272,2
2.6425831134317477,-0.8398119874520025,1
-1.9828949296423228,-3.9070158127873515,3
-1.3091193215047043,2.5534109225090034,5
-0.7781867593965583,2.8267346346297955,4
3.85268378842847,-0.3580747158099922,2
3.8734894899907313,-0.21536770892422896,2
-3.387594563993187,-2.256494134636185,2
3.627768705771504,-0.39283566750438975,2
-1.3553782652950055,2.7147655838110363,1
3.706630674811454,-0.3578908681886438,2
-1.600899569191152,-2.389339594188381,3
3.886162346027659,-0.250226677935243,4
-1.001744762751732,2.7958521907252645,5
-1.3066958350914188,-1.1134627716577066,5
-0.9387627319236722,2.7664275878685043,1
3.3553446699924026,-0.5417974145213234,1
